town_name,town_id,date,time,temp,pressure,humidity,dew_point,clouds,uvi,visibility,wind_speed,wind_gust,wind_deg,rain,snow,weather_desc,flag
前进镇,qianjin,2026-02-07,11:00,-21.71,1030,90,-22.79,100,1.29,10000,2.04,2.7,303,0,0,阴，多云,0
共合镇,gonghe,2026-02-07,11:00,-21.02,1030,87,-22.45,95,1.29,10000,1.92,2.73,314,0,0,阴，多云,0
永和镇,yonghe,2026-02-07,11:00,-20.98,1030,86,-22.53,91,1.29,10000,1.88,2.7,321,0,0,阴，多云,0
联发镇,lianfa,2026-02-07,11:00,-20.44,1030,86,-22.0,95,1.29,10000,2.01,2.94,311,0,0,阴，多云,0
东风镇,dongfeng,2026-02-07,11:00,-22.7,1030,91,-23.66,100,1.28,10000,1.82,2.51,296,0,0,阴，多云,0
乐业乡,leye,2026-02-07,11:00,-21.92,1030,91,-22.88,100,1.29,10000,2.05,2.83,296,0,0,阴，多云,0
福民乡,fumin,2026-02-07,11:00,-21.14,1030,91,-22.11,100,1.29,8478,2.43,3.44,288,0,0,阴，多云,0
海兴镇,haixing,2026-02-07,11:00,-20.97,1030,90,-22.05,100,1.29,9956,2.37,3.36,290,0,0,阴，多云,0
向荣镇,xiangrong,2026-02-07,11:00,-22.09,1030,89,-23.28,100,1.27,10000,1.83,2.33,312,0,0,阴，多云,0
伦河镇,lunhe,2026-02-07,11:00,-20.31,1030,87,-21.75,100,1.34,10000,2.31,3.39,298,0,0,阴，多云,0
共荣镇,gongrong,2026-02-07,11:00,-21.41,1030,91,-22.38,99,1.29,6846,2.42,3.45,288,0,0,阴，多云,0
双录乡,shuanglu,2026-02-07,11:00,-23.64,1030,90,-24.7,96,1.24,10000,1.65,2.04,294,0,0,阴，多云,0
爱民乡,aimin,2026-02-07,11:00,-21.92,1030,87,-23.34,93,1.27,10000,1.67,2.4,325,0,0,阴，多云,0
百祥镇,baixiang,2026-02-07,11:00,-20.41,1030,87,-21.85,100,1.34,10000,2.2,3.19,302,0,0,阴，多云,0
东林镇,donglin,2026-02-07,11:00,-22.79,1030,90,-23.86,99,1.24,10000,1.81,2.3,299,0,0,阴，多云,0
丰山乡,fengshan,2026-02-07,11:00,-20.77,1030,89,-21.97,100,1.29,10000,2.31,3.36,293,0,0,阴，多云,0
海北镇,haibei,2026-02-07,11:00,-23.03,1030,89,-24.21,97,1.27,10000,1.47,2.02,310,0,0,阴，多云,0
海伦农场,hlnc,2026-02-07,11:00,-23.86,1030,91,-24.81,94,1.24,10000,1.72,2.08,286,0,0,阴，多云,0
海伦镇,hailun,2026-02-07,11:00,-22.35,1030,90,-23.42,100,1.29,10000,1.9,2.43,302,0,0,阴，多云,0
海南乡,hainan,2026-02-07,11:00,-21.77,1030,91,-22.74,100,1.29,8136,2.15,3.16,292,0,0,阴，多云,0
红光农场,hgnc,2026-02-07,11:00,-23.59,1030,91,-24.54,99,1.24,10000,1.67,2.14,286,0,0,阴，多云,0
祥富镇,xiangfu,2026-02-07,11:00,-21.19,1030,90,-22.27,100,1.29,10000,2.24,3.11,294,0,0,阴，多云,0
永富镇,yongfu,2026-02-07,11:00,-20.42,1030,88,-21.74,100,1.34,10000,2.45,3.67,292,0,0,阴，多云,0
扎音河乡,zhayinhe,2026-02-07,11:00,-23.44,1030,90,-24.5,96,1.27,10000,1.54,1.98,300,0,0,阴，多云,0
长发镇,changfa,2026-02-07,11:00,-22.62,1030,90,-23.69,100,1.27,10000,1.74,2.17,305,0,0,阴，多云,0
南岗,nangang,2026-02-07,11:00,-20.17,1031,75,-23.13,66,1.27,10000,1.96,2.93,291,0,0,多云,0
松北,songbei,2026-02-07,11:00,-18.88,1031,75,-21.87,63,1.27,10000,1.99,2.87,278,0,0,多云,0
前进镇,qianjin,2026-02-07,12:00,-19.34,1028,81,-21.53,98,1.07,10000,2.7,4.09,307,0,0,阴，多云,0
共合镇,gonghe,2026-02-07,12:00,-18.52,1028,77,-21.25,86,1.07,10000,2.6,4.1,313,0,0,阴，多云,0
永和镇,yonghe,2026-02-07,12:00,-18.42,1028,76,-21.28,76,1.07,10000,2.64,4.21,315,0,0,多云,0
联发镇,lianfa,2026-02-07,12:00,-18.13,1029,75,-21.14,84,1.07,10000,2.72,4.12,314,0,0,多云,0
东风镇,dongfeng,2026-02-07,12:00,-20.12,1028,84,-21.92,98,1.05,10000,2.76,3.87,302,0,0,阴，多云,0
乐业乡,leye,2026-02-07,12:00,-19.59,1028,82,-21.65,99,1.07,10000,2.85,4.07,303,0,0,阴，多云,0
福民乡,fumin,2026-02-07,12:00,-18.73,1029,79,-21.19,100,1.07,10000,2.88,4.22,303,0,0,阴，多云,0
海兴镇,haixing,2026-02-07,12:00,-18.57,1029,79,-21.03,100,1.07,10000,2.83,4.16,304,0,0,阴，多云,0
向荣镇,xiangrong,2026-02-07,12:00,-19.4,1028,81,-21.59,93,1.06,10000,2.55,4.06,309,0,0,阴，多云,0
伦河镇,lunhe,2026-02-07,12:00,-18.04,1029,75,-21.05,95,1.12,10000,2.85,4.14,310,0,0,阴，多云,0
共荣镇,gongrong,2026-02-07,12:00,-19.09,1028,81,-21.28,100,1.07,10000,3.0,4.3,300,0,0,阴，多云,0
双录乡,shuanglu,2026-02-07,12:00,-20.6,1029,85,-22.27,90,1.02,10000,2.52,3.78,297,0,0,阴，多云,0
爱民乡,aimin,2026-02-07,12:00,-18.79,1028,77,-21.51,75,1.06,10000,2.59,4.34,314,0,0,多云,0
百祥镇,baixiang,2026-02-07,12:00,-18.15,1029,75,-21.16,93,1.12,10000,2.79,4.08,311,0,0,阴，多云,0
东林镇,donglin,2026-02-07,12:00,-20.25,1028,84,-22.05,95,1.02,10000,2.67,3.89,302,0,0,阴，多云,0
丰山乡,fengshan,2026-02-07,12:00,-18.41,1029,77,-21.14,100,1.07,10000,2.81,4.03,307,0,0,阴，多云,0
海北镇,haibei,2026-02-07,12:00,-19.5,1028,80,-21.81,81,1.06,10000,2.44,4.18,308,0,0,多云,0
海伦农场,hlnc,2026-02-07,12:00,-20.71,1028,85,-22.38,87,1.02,10000,2.56,3.62,292,0,0,阴，多云,0
海伦镇,hailun,2026-02-07,12:00,-19.94,1028,83,-21.87,96,1.07,10000,2.7,3.98,305,0,0,阴，多云,0
海南乡,hainan,2026-02-07,12:00,-19.37,1028,82,-21.43,100,1.07,10000,2.96,4.14,300,0,0,阴，多云,0
红光农场,hgnc,2026-02-07,12:00,-20.62,1028,85,-22.29,97,1.02,10000,2.62,3.51,294,0,0,阴，多云,0
祥富镇,xiangfu,2026-02-07,12:00,-18.82,1028,80,-21.15,100,1.07,10000,2.8,4.2,305,0,0,阴，多云,0
永富镇,yongfu,2026-02-07,12:00,-18.07,1029,75,-21.08,98,1.12,10000,3.0,4.22,307,0,0,阴，多云,0
扎音河乡,zhayinhe,2026-02-07,12:00,-20.13,1028,83,-22.05,86,1.06,10000,2.43,3.97,302,0,0,阴，多云,0
长发镇,changfa,2026-02-07,12:00,-19.85,1028,83,-21.78,93,1.06,10000,2.54,3.98,305,0,0,阴，多云,0
南岗,nangang,2026-02-07,12:00,-18.09,1030,71,-21.66,74,1.06,10000,2.8,4.19,285,0,0,多云,0
松北,songbei,2026-02-07,12:00,-17.88,1030,68,-21.9,73,1.06,10000,2.7,4.13,280,0,0,多云,0
前进镇,qianjin,2026-02-07,13:00,-19.34,1028,81,-21.53,98,1.07,10000,2.7,4.09,307,0,0,阴，多云,0
共合镇,gonghe,2026-02-07,13:00,-18.52,1028,77,-21.25,86,1.07,10000,2.6,4.1,313,0,0,阴，多云,0
永和镇,yonghe,2026-02-07,13:00,-18.42,1028,76,-21.28,76,1.07,10000,2.64,4.21,315,0,0,多云,0
联发镇,lianfa,2026-02-07,13:00,-18.13,1029,75,-21.14,84,1.07,10000,2.72,4.12,314,0,0,多云,0
东风镇,dongfeng,2026-02-07,13:00,-20.12,1028,84,-21.92,98,1.05,10000,2.76,3.87,302,0,0,阴，多云,0
乐业乡,leye,2026-02-07,13:00,-19.59,1028,82,-21.65,99,1.07,10000,2.85,4.07,303,0,0,阴，多云,0
福民乡,fumin,2026-02-07,13:00,-18.73,1029,79,-21.19,100,1.07,10000,2.88,4.22,303,0,0,阴，多云,0
海兴镇,haixing,2026-02-07,13:00,-18.57,1029,79,-21.03,100,1.07,10000,2.83,4.16,304,0,0,阴，多云,0
向荣镇,xiangrong,2026-02-07,13:00,-19.4,1028,81,-21.59,93,1.06,10000,2.55,4.06,309,0,0,阴，多云,0
伦河镇,lunhe,2026-02-07,13:00,-18.04,1029,75,-21.05,95,1.12,10000,2.85,4.14,310,0,0,阴，多云,0
共荣镇,gongrong,2026-02-07,13:00,-19.09,1028,81,-21.28,100,1.07,10000,3.0,4.3,300,0,0,阴，多云,0
双录乡,shuanglu,2026-02-07,13:00,-20.6,1029,85,-22.27,90,1.02,10000,2.52,3.78,297,0,0,阴，多云,0
爱民乡,aimin,2026-02-07,13:00,-18.79,1028,77,-21.51,75,1.06,10000,2.59,4.34,314,0,0,多云,0
百祥镇,baixiang,2026-02-07,13:00,-18.15,1029,75,-21.16,93,1.12,10000,2.79,4.08,311,0,0,阴，多云,0
东林镇,donglin,2026-02-07,13:00,-20.25,1028,84,-22.05,95,1.02,10000,2.67,3.89,302,0,0,阴，多云,0
丰山乡,fengshan,2026-02-07,13:00,-18.41,1029,77,-21.14,100,1.07,10000,2.81,4.03,307,0,0,阴，多云,0
海北镇,haibei,2026-02-07,13:00,-19.5,1028,80,-21.81,81,1.06,10000,2.44,4.18,308,0,0,多云,0
海伦农场,hlnc,2026-02-07,13:00,-20.71,1028,85,-22.38,87,1.02,10000,2.56,3.62,292,0,0,阴，多云,0
海伦镇,hailun,2026-02-07,13:00,-19.94,1028,83,-21.87,96,1.07,10000,2.7,3.98,305,0,0,阴，多云,0
海南乡,hainan,2026-02-07,13:00,-19.37,1028,82,-21.43,100,1.07,10000,2.96,4.14,300,0,0,阴，多云,0
红光农场,hgnc,2026-02-07,13:00,-20.62,1028,85,-22.29,97,1.02,10000,2.62,3.51,294,0,0,阴，多云,0
祥富镇,xiangfu,2026-02-07,13:00,-18.82,1028,80,-21.15,100,1.07,10000,2.8,4.2,305,0,0,阴，多云,0
永富镇,yongfu,2026-02-07,13:00,-18.07,1029,75,-21.08,98,1.12,10000,3.0,4.22,307,0,0,阴，多云,0
扎音河乡,zhayinhe,2026-02-07,13:00,-20.13,1028,83,-22.05,86,1.06,10000,2.43,3.97,302,0,0,阴，多云,0
长发镇,changfa,2026-02-07,13:00,-19.85,1028,83,-21.78,93,1.06,10000,2.54,3.98,305,0,0,阴，多云,0
南岗,nangang,2026-02-07,13:00,-18.09,1030,71,-21.66,74,1.06,10000,2.8,4.19,285,0,0,多云,0
松北,songbei,2026-02-07,13:00,-16.88,1030,68,-20.93,73,1.06,10000,2.7,4.13,280,0,0,多云,0
前进镇,qianjin,2026-02-07,13:00,-18.44,1028,77,-21.17,96,0.69,10000,3.23,4.98,313,0,0,阴，多云,0
共合镇,gonghe,2026-02-07,13:00,-17.73,1028,73,-21.02,80,0.69,10000,3.42,5.09,315,0,0,多云,0
永和镇,yonghe,2026-02-07,13:00,-17.67,1028,73,-20.97,69,0.69,10000,3.49,5.15,314,0,0,多云,0
联发镇,lianfa,2026-02-07,13:00,-17.45,1028,72,-20.89,77,0.69,10000,3.51,5.16,314,0,0,多云,0
东风镇,dongfeng,2026-02-07,13:00,-19.44,1028,81,-21.63,96,0.67,10000,3.16,4.83,309,0,0,阴，多云,0
乐业乡,leye,2026-02-07,13:00,-18.88,1028,79,-21.33,98,0.69,10000,3.25,4.88,311,0,0,阴，多云,0
福民乡,fumin,2026-02-07,13:00,-18.1,1028,76,-20.97,100,0.69,10000,3.35,4.87,311,0,0,阴，多云,0
海兴镇,haixing,2026-02-07,13:00,-17.92,1028,75,-20.93,100,0.69,10000,3.35,4.91,312,0,0,阴，多云,0
向荣镇,xiangrong,2026-02-07,13:00,-18.29,1028,76,-21.16,88,0.68,10000,3.14,5.05,312,0,0,阴，多云,0
伦河镇,lunhe,2026-02-07,13:00,-17.4,1028,72,-20.85,89,0.73,10000,3.51,5.12,313,0,0,阴，多云,0
共荣镇,gongrong,2026-02-07,13:00,-18.49,1028,78,-21.08,100,0.69,10000,3.33,4.79,309,0,0,阴，多云,0
双录乡,shuanglu,2026-02-07,13:00,-19.41,1028,80,-21.72,86,0.65,10000,2.94,5.0,306,0,0,阴，多云,0
爱民乡,aimin,2026-02-07,13:00,-17.79,1028,74,-20.94,68,0.68,10000,3.35,5.21,311,0,0,多云,0
百祥镇,baixiang,2026-02-07,13:00,-17.46,1028,72,-20.9,88,0.73,10000,3.47,5.13,313,0,0,阴，多云,0
东林镇,donglin,2026-02-07,13:00,-19.31,1028,81,-21.5,91,0.65,10000,3.04,4.9,309,0,0,阴，多云,0
丰山乡,fengshan,2026-02-07,13:00,-17.75,1028,73,-21.04,99,0.69,10000,3.4,5.01,313,0,0,阴，多云,0
海北镇,haibei,2026-02-07,13:00,-18.28,1028,76,-21.15,73,0.68,10000,3.09,5.12,310,0,0,多云,0
海伦农场,hlnc,2026-02-07,13:00,-19.51,1028,81,-21.69,84,0.65,10000,3.02,5.04,300,0,0,多云,0
海伦镇,hailun,2026-02-07,13:00,-19.0,1028,80,-21.32,93,0.69,10000,3.11,4.92,311,0,0,阴，多云,0
海南乡,hainan,2026-02-07,13:00,-18.76,1028,79,-21.22,100,0.69,10000,3.32,4.79,310,0,0,阴，多云,0
红光农场,hgnc,2026-02-07,13:00,-19.76,1028,82,-21.81,96,0.65,10000,3.04,4.79,301,0,0,阴，多云,0
祥富镇,xiangfu,2026-02-07,13:00,-18.12,1028,76,-20.99,98,0.69,10000,3.33,4.92,312,0,0,阴，多云,0
永富镇,yongfu,2026-02-07,13:00,-17.51,1028,72,-20.95,93,0.73,10000,3.57,5.09,313,0,0,阴，多云,0
扎音河乡,zhayinhe,2026-02-07,13:00,-18.86,1028,78,-21.45,79,0.68,10000,2.95,5.05,309,0,0,多云,0
长发镇,changfa,2026-02-07,13:00,-18.7,1028,78,-21.29,88,0.68,10000,3.02,4.98,310,0,0,阴，多云,0
南岗,nangang,2026-02-07,13:00,-17.21,1029,68,-21.25,78,0.67,10000,2.98,4.44,287,0,0,多云,0
松北,songbei,2026-02-07,13:00,-16.88,1029,65,-21.4,77,0.67,10000,3.07,4.51,289,0,0,多云,0
前进镇,qianjin,2026-02-07,14:00,-17.54,1027,76,-20.42,100,0.31,10000,3.46,5.55,310,0,0,阴，多云,0
共合镇,gonghe,2026-02-07,14:00,-17.09,1028,75,-20.12,96,0.31,10000,3.55,5.42,307,0,0,阴，多云,0
永和镇,yonghe,2026-02-07,14:00,-17.02,1028,75,-20.05,95,0.31,10000,3.55,5.45,305,0,0,阴，多云,0
联发镇,lianfa,2026-02-07,14:00,-16.92,1028,75,-19.95,89,0.31,10000,3.56,5.44,308,0,0,阴，多云,0
东风镇,dongfeng,2026-02-07,14:00,-18.37,1027,79,-20.83,99,0.3,10000,3.07,5.58,312,0,0,阴，多云,0
乐业乡,leye,2026-02-07,14:00,-17.93,1027,77,-20.67,100,0.31,10000,3.27,5.57,313,0,0,阴，多云,0
福民乡,fumin,2026-02-07,14:00,-17.5,1028,76,-20.38,99,0.31,10000,3.49,5.48,314,0,0,阴，多云,0
海兴镇,haixing,2026-02-07,14:00,-17.32,1028,76,-20.21,98,0.31,10000,3.53,5.47,314,0,0,阴，多云,0
向荣镇,xiangrong,2026-02-07,14:00,-17.29,1027,76,-20.18,95,0.3,10000,3.39,5.51,307,0,0,阴，多云,0
伦河镇,lunhe,2026-02-07,14:00,-16.93,1028,74,-20.1,88,0.33,10000,3.64,5.41,312,0,0,阴，多云,0
共荣镇,gongrong,2026-02-07,14:00,-17.84,1028,78,-20.45,100,0.31,10000,3.4,5.46,314,0,0,阴，多云,0
双录乡,shuanglu,2026-02-07,14:00,-18.16,1027,78,-20.76,91,0.28,10000,2.93,5.62,311,0,0,阴，多云,0
爱民乡,aimin,2026-02-07,14:00,-16.99,1027,75,-20.02,91,0.3,10000,3.51,5.34,304,0,0,阴，多云,0
百祥镇,baixiang,2026-02-07,14:00,-17.0,1028,74,-20.17,87,0.33,10000,3.61,5.4,312,0,0,阴，多云,0
东林镇,donglin,2026-02-07,14:00,-18.01,1027,78,-20.61,96,0.28,10000,3.04,5.71,311,0,0,阴，多云,0
丰山乡,fengshan,2026-02-07,14:00,-17.22,1028,74,-20.39,92,0.31,10000,3.59,5.43,314,0,0,阴，多云,0
海北镇,haibei,2026-02-07,14:00,-17.3,1027,76,-20.19,81,0.3,10000,3.07,5.4,308,0,0,多云,0
海伦农场,hlnc,2026-02-07,14:00,-18.36,1027,79,-20.82,88,0.28,10000,3.05,5.54,308,0,0,阴，多云,0
海伦镇,hailun,2026-02-07,14:00,-17.79,1027,77,-20.53,97,0.31,10000,3.19,5.68,310,0,0,阴，多云,0
海南乡,hainan,2026-02-07,14:00,-18.07,1028,78,-20.67,100,0.31,10000,3.31,5.4,314,0,0,阴，多云,0
红光农场,hgnc,2026-02-07,14:00,-18.58,1027,79,-21.04,99,0.28,10000,2.97,5.41,307,0,0,阴，多云,0
祥富镇,xiangfu,2026-02-07,14:00,-17.44,1028,76,-20.32,100,0.31,10000,3.52,5.51,312,0,0,阴，多云,0
永富镇,yongfu,2026-02-07,14:00,-16.97,1028,73,-20.28,94,0.33,10000,3.68,5.46,313,0,0,阴，多云,0
扎音河乡,zhayinhe,2026-02-07,14:00,-17.74,1027,77,-20.48,84,0.3,10000,2.93,5.52,310,0,0,多云,0
长发镇,changfa,2026-02-07,14:00,-17.49,1027,77,-20.24,93,0.3,10000,3.14,5.61,309,0,0,阴，多云,0
南岗,nangang,2026-02-07,14:00,-16.27,1029,66,-20.65,100,0.31,10000,3.54,5.08,296,0,0,阴，多云,0
松北,songbei,2026-02-07,14:00,-16.88,1029,66,-21.24,100,0.31,10000,3.66,5.19,301,0,0,阴，多云,0
前进镇,qianjin,2026-02-07,15:00,-19.66,1027,88,-20.99,100,0,10000,1.95,2.04,279,0,0,阴，多云,0
共合镇,gonghe,2026-02-07,15:00,-19.03,1027,86,-20.6,92,0,10000,2.33,3.0,280,0,0,阴，多云,0
永和镇,yonghe,2026-02-07,15:00,-18.92,1027,86,-20.49,86,0,10000,2.44,3.41,281,0,0,阴，多云,0
联发镇,lianfa,2026-02-07,15:00,-18.86,1028,86,-20.44,83,0,10000,2.52,3.5,281,0,0,多云,0
东风镇,dongfeng,2026-02-07,15:00,-20.8,1027,90,-21.89,97,0,10000,1.25,1.27,277,0,0,阴，多云,0
乐业乡,leye,2026-02-07,15:00,-20.18,1027,89,-21.39,100,0,10000,1.64,1.64,279,0,0,阴，多云,0
福民乡,fumin,2026-02-07,15:00,-19.58,1028,87,-21.03,99,0,10000,2.05,1.93,288,0,0,阴，多云,0
海兴镇,haixing,2026-02-07,15:00,-19.38,1028,87,-20.83,98,0,10000,2.11,2.06,287,0,0,阴，多云,0
向荣镇,xiangrong,2026-02-07,15:00,-19.51,1027,88,-20.84,98,0,10000,1.98,2.21,278,0,0,阴，多云,0
伦河镇,lunhe,2026-02-07,15:00,-18.84,1028,86,-20.42,89,0,10000,2.51,3.34,287,0,0,阴，多云,0
共荣镇,gongrong,2026-02-07,15:00,-20.05,1028,89,-21.26,100,0,10000,1.79,1.64,289,0,0,阴，多云,0
双录乡,shuanglu,2026-02-07,15:00,-20.93,1027,89,-22.13,87,0,10000,1.18,1.19,280,0,0,阴，多云,0
爱民乡,aimin,2026-02-07,15:00,-19.07,1027,86,-20.64,85,0,10000,2.4,3.17,284,0,0,阴，多云,0
百祥镇,baixiang,2026-02-07,15:00,-18.96,1028,86,-20.53,87,0,10000,2.49,3.27,284,0,0,阴，多云,0
东林镇,donglin,2026-02-07,15:00,-20.49,1027,89,-21.69,95,0,10000,1.44,1.46,276,0,0,阴，多云,0
丰山乡,fengshan,2026-02-07,15:00,-19.2,1028,86,-20.77,94,0,10000,2.3,2.62,286,0,0,阴，多云,0
海北镇,haibei,2026-02-07,15:00,-19.85,1027,88,-21.18,79,0,10000,1.83,1.9,283,0,0,多云,0
海伦农场,hlnc,2026-02-07,15:00,-21.26,1027,90,-22.34,83,0,10000,1.09,1.06,284,0,0,多云,0
海伦镇,hailun,2026-02-07,15:00,-20.15,1027,89,-21.36,98,0,10000,1.66,1.7,276,0,0,阴，多云,0
海南乡,hainan,2026-02-07,15:00,-20.35,1027,89,-21.55,100,0,10000,1.55,1.53,286,0,0,阴，多云,0
红光农场,hgnc,2026-02-07,15:00,-21.2,1027,89,-22.4,96,0,10000,0.97,0.96,281,0,0,阴，多云,0
祥富镇,xiangfu,2026-02-07,15:00,-19.49,1027,88,-20.82,100,0,10000,2.01,1.94,283,0,0,阴，多云,0
永富镇,yongfu,2026-02-07,15:00,-18.77,1028,85,-20.47,94,0,10000,2.52,3.37,292,0,0,阴，多云,0
扎音河乡,zhayinhe,2026-02-07,15:00,-20.45,1027,89,-21.65,82,0,10000,1.43,1.44,282,0,0,多云,0
长发镇,changfa,2026-02-07,15:00,-19.94,1027,89,-21.15,94,0,10000,1.68,1.76,277,0,0,阴，多云,0
南岗,nangang,2026-02-07,15:00,-16.62,1029,75,-19.66,100,0,10000,2.89,5.82,295,0,0,阴，多云,0
松北,songbei,2026-02-07,15:00,-16.88,1029,75,-19.92,100,0,10000,2.88,5.86,298,0,0,阴，多云,0
前进镇,qianjin,2026-02-07,16:00,-23.97,1028,93,-24.7,82,0,10000,2.27,2.19,267,0,0,多云,0
共合镇,gonghe,2026-02-07,16:00,-23.64,1028,93,-24.37,63,0,10000,2.35,2.26,270,0,0,多云,0
永和镇,yonghe,2026-02-07,16:00,-23.61,1028,93,-24.34,59,0,10000,2.38,2.28,272,0,0,多云,0
联发镇,lianfa,2026-02-07,16:00,-23.36,1028,93,-24.09,58,0,10000,2.47,2.36,271,0,0,多云,0
东风镇,dongfeng,2026-02-07,16:00,-24.81,1028,93,-25.54,93,0,10000,1.9,1.87,261,0,0,阴，多云,0
乐业乡,leye,2026-02-07,16:00,-24.29,1028,93,-25.02,94,0,10000,2.21,2.13,266,0,0,阴，多云,0
福民乡,fumin,2026-02-07,16:00,-23.75,1028,93,-24.48,78,0,10000,2.31,2.29,268,0,0,多云,0
海兴镇,haixing,2026-02-07,16:00,-23.62,1028,93,-24.35,75,0,10000,2.32,2.3,267,0,0,多云,0
向荣镇,xiangrong,2026-02-07,16:00,-23.93,1028,93,-24.66,75,0,10000,2.19,2.1,272,0,0,多云,0
伦河镇,lunhe,2026-02-07,16:00,-23.25,1028,92,-24.09,61,0,10000,2.31,2.22,272,0,0,多云,0
共荣镇,gongrong,2026-02-07,16:00,-24.1,1028,92,-24.94,88,0,10000,2.27,2.22,268,0,0,阴，多云,0
双录乡,shuanglu,2026-02-07,16:00,-25.03,1028,93,-25.75,73,0,10000,1.79,1.77,269,0,0,多云,0
爱民乡,aimin,2026-02-07,16:00,-23.86,1028,92,-24.7,57,0,10000,2.29,2.18,278,0,0,多云,0
百祥镇,baixiang,2026-02-07,16:00,-23.37,1028,92,-24.21,61,0,10000,2.39,2.28,271,0,0,多云,0
东林镇,donglin,2026-02-07,16:00,-24.62,1028,93,-25.35,89,0,10000,2.01,1.98,267,0,0,阴，多云,0
丰山乡,fengshan,2026-02-07,16:00,-23.55,1028,92,-24.39,67,0,10000,2.31,2.25,269,0,0,多云,0
海北镇,haibei,2026-02-07,16:00,-24.35,1028,92,-25.19,58,0,10000,2.15,2.07,277,0,0,多云,0
海伦农场,hlnc,2026-02-07,16:00,-25.41,1027,93,-26.13,62,0,10000,1.49,1.47,268,0,0,多云,0
海伦镇,hailun,2026-02-07,16:00,-24.34,1028,93,-25.07,90,0,10000,2.16,2.1,268,0,0,阴，多云,0
海南乡,hainan,2026-02-07,16:00,-24.36,1028,93,-25.09,92,0,10000,2.11,2.03,266,0,0,阴，多云,0
红光农场,hgnc,2026-02-07,16:00,-25.33,1028,92,-26.16,83,0,10000,1.39,1.41,255,0,0,多云,0
祥富镇,xiangfu,2026-02-07,16:00,-23.76,1028,93,-24.49,79,0,10000,2.34,2.3,265,0,0,多云,0
永富镇,yongfu,2026-02-07,16:00,-23.21,1028,92,-24.05,64,0,10000,2.22,2.14,274,0,0,多云,0
扎音河乡,zhayinhe,2026-02-07,16:00,-24.69,1028,93,-25.42,64,0,10000,1.98,1.93,274,0,0,多云,0
长发镇,changfa,2026-02-07,16:00,-24.23,1028,93,-24.96,79,0,10000,2.11,2.05,272,0,0,多云,0
南岗,nangang,2026-02-07,16:00,-18.46,1029,85,-20.16,100,0,10000,1.98,4.36,280,0,0,阴，多云,0
松北,songbei,2026-02-07,16:00,-16.88,1029,85,-18.6,97,0,10000,1.95,4.3,285,0,0,阴，多云,0
前进镇,qianjin,2026-02-07,17:00,-25.92,1028,96,-26.32,67,0,10000,2.47,3.47,275,0,0,多云,0
共合镇,gonghe,2026-02-07,17:00,-25.07,1028,95,-25.58,49,0,10000,2.61,4.42,279,0,0,多云,0
永和镇,yonghe,2026-02-07,17:00,-24.91,1028,95,-25.42,46,0,10000,2.71,4.4,282,0,0,多云,0
联发镇,lianfa,2026-02-07,17:00,-24.52,1028,94,-25.14,47,0,10000,2.79,4.75,281,0,0,多云,0
东风镇,dongfeng,2026-02-07,17:00,-26.96,1028,97,-27.26,89,0,10000,2.27,2.07,270,0,0,阴，多云,0
乐业乡,leye,2026-02-07,17:00,-26.43,1028,97,-26.73,83,0,10000,2.44,2.64,273,0,0,多云,0
福民乡,fumin,2026-02-07,17:00,-25.25,1028,95,-25.76,61,0,10000,2.51,4.26,274,0,0,多云,0
海兴镇,haixing,2026-02-07,17:00,-25.11,1028,95,-25.62,59,0,10000,2.51,4.46,274,0,0,多云,0
向荣镇,xiangrong,2026-02-07,17:00,-26.04,1028,96,-26.44,62,0,10000,2.36,2.86,280,0,0,多云,0
伦河镇,lunhe,2026-02-07,17:00,-24.8,1028,94,-25.42,48,0,10000,2.49,3.47,280,0,0,多云,0
共荣镇,gongrong,2026-02-07,17:00,-25.9,1028,96,-26.3,70,0,10000,2.58,3.5,274,0,0,多云,0
双录乡,shuanglu,2026-02-07,17:00,-27.43,1028,96,-27.83,63,0,10000,2.11,1.91,279,0,0,多云,0
爱民乡,aimin,2026-02-07,17:00,-25.54,1028,95,-26.05,44,0,10000,2.61,4.06,286,0,0,多云,0
百祥镇,baixiang,2026-02-07,17:00,-24.73,1028,94,-25.35,48,0,10000,2.63,4.16,280,0,0,多云,0
东林镇,donglin,2026-02-07,17:00,-26.79,1028,97,-27.09,83,0,10000,2.27,2.19,276,0,0,多云,0
丰山乡,fengshan,2026-02-07,17:00,-25.19,1028,95,-25.7,53,0,10000,2.41,3.79,276,0,0,多云,0
海北镇,haibei,2026-02-07,17:00,-26.6,1028,96,-27.0,48,0,10000,2.39,3.09,287,0,0,多云,0
海伦农场,hlnc,2026-02-07,17:00,-27.89,1028,96,-28.29,50,0,10000,1.86,1.61,277,0,0,多云,0
海伦镇,hailun,2026-02-07,17:00,-26.48,1028,97,-26.78,81,0,10000,2.34,2.41,277,0,0,多云,0
海南乡,hainan,2026-02-07,17:00,-26.55,1028,96,-26.95,80,0,10000,2.45,2.44,272,0,0,多云,0
红光农场,hgnc,2026-02-07,17:00,-27.64,1028,96,-28.04,73,0,10000,1.9,1.78,263,0,0,多云,0
祥富镇,xiangfu,2026-02-07,17:00,-25.36,1028,96,-25.77,63,0,10000,2.6,4.63,274,0,0,多云,0
永富镇,yongfu,2026-02-07,17:00,-25.13,1028,95,-25.64,50,0,10000,2.23,2.45,278,0,0,多云,0
扎音河乡,zhayinhe,2026-02-07,17:00,-27.1,1028,96,-27.5,54,0,10000,2.22,2.3,284,0,0,多云,0
长发镇,changfa,2026-02-07,17:00,-26.45,1028,97,-26.75,70,0,10000,2.28,2.39,281,0,0,多云,0
南岗,nangang,2026-02-07,17:00,-20.15,1029,93,-20.9,100,0,10000,1.53,2.47,270,0,0,阴，多云,0
松北,songbei,2026-02-07,17:00,-17.88,1029,92,-18.76,93,0,10000,1.5,2.77,275,0,0,阴，多云,0
前进镇,qianjin,2026-02-07,18:00,-27.11,1028,98,-27.31,55,0,10000,2.19,2.47,283,0,0,多云,0
共合镇,gonghe,2026-02-07,18:00,-26.46,1028,96,-26.86,40,0,10000,2.0,1.8,281,0,0,多云,0
永和镇,yonghe,2026-02-07,18:00,-26.08,1028,95,-26.59,38,0,10000,2.09,2.23,283,0,0,多云,0
联发镇,lianfa,2026-02-07,18:00,-25.74,1028,95,-26.25,38,0,10000,2.1,2.37,283,0,0,多云,0
东风镇,dongfeng,2026-02-07,18:00,-27.78,1028,99,-27.88,75,0,10000,2.45,3.03,287,0,0,多云,0
乐业乡,leye,2026-02-07,18:00,-26.97,1028,98,-27.17,68,0,10000,2.51,3.83,285,0,0,多云,0
福民乡,fumin,2026-02-07,18:00,-26.5,1028,97,-26.8,52,0,10000,2.3,2.39,281,0,0,多云,0
海兴镇,haixing,2026-02-07,18:00,-26.52,1028,97,-26.82,49,0,10000,2.2,1.99,280,0,0,多云,0
向荣镇,xiangrong,2026-02-07,18:00,-27.3,1028,98,-27.5,51,0,10000,2.0,1.88,284,0,0,多云,0
伦河镇,lunhe,2026-02-07,18:00,-25.92,1028,95,-26.43,40,0,10000,2.01,2.17,284,0,0,多云,0
共荣镇,gongrong,2026-02-07,18:00,-26.41,1028,97,-26.71,57,0,10000,2.66,4.26,284,0,0,多云,0
双录乡,shuanglu,2026-02-07,18:00,-29.03,1028,99,-29.13,52,0,10000,1.91,1.71,293,0,0,多云,0
爱民乡,aimin,2026-02-07,18:00,-26.6,1028,96,-27.0,36,0,10000,2.07,2.32,287,0,0,多云,0
百祥镇,baixiang,2026-02-07,18:00,-25.98,1028,95,-26.49,40,0,10000,2.02,2.2,283,0,0,多云,0
东林镇,donglin,2026-02-07,18:00,-27.82,1028,98,-28.02,68,0,10000,2.25,2.23,288,0,0,多云,0
丰山乡,fengshan,2026-02-07,18:00,-26.63,1028,96,-27.03,44,0,10000,1.97,1.66,281,0,0,多云,0
海北镇,haibei,2026-02-07,18:00,-27.88,1028,97,-28.18,40,0,10000,1.9,1.57,289,0,0,多云,0
海伦农场,hlnc,2026-02-07,18:00,-29.78,1028,100,-29.78,41,0,10000,1.68,1.7,304,0,0,多云,0
海伦镇,hailun,2026-02-07,18:00,-27.37,1028,98,-27.57,67,0,10000,2.27,2.53,286,0,0,多云,0
海南乡,hainan,2026-02-07,18:00,-26.81,1028,98,-27.01,65,0,10000,2.67,4.9,285,0,0,多云,0
红光农场,hgnc,2026-02-07,18:00,-29.32,1028,100,-29.32,58,0,10000,1.86,1.83,293,0,0,多云,0
祥富镇,xiangfu,2026-02-07,18:00,-26.69,1028,97,-26.99,52,0,10000,2.29,2.45,281,0,0,多云,0
永富镇,yongfu,2026-02-07,18:00,-26.2,1028,96,-26.6,41,0,10000,1.96,1.89,285,0,0,多云,0
扎音河乡,zhayinhe,2026-02-07,18:00,-28.6,1028,98,-28.8,46,0,10000,1.86,1.57,290,0,0,多云,0
长发镇,changfa,2026-02-07,18:00,-27.65,1028,98,-27.85,58,0,10000,2.04,1.76,287,0,0,多云,0
南岗,nangang,2026-02-07,18:00,-21.14,1029,94,-21.78,86,0,10000,1.6,2.47,261,0,0,阴，多云,0
松北,songbei,2026-02-07,18:00,-18.88,1029,94,-19.53,80,0,10000,1.7,2.9,262,0,0,多云,0
前进镇,qianjin,2026-02-07,19:00,-28.58,1028,99,-28.68,47,0,10000,1.65,1.64,272,0,0,多云,0
共合镇,gonghe,2026-02-07,19:00,-27.94,1028,97,-28.24,34,0,10000,1.45,1.46,265,0,0,多云,0
永和镇,yonghe,2026-02-07,19:00,-27.69,1028,97,-27.99,32,0,10000,1.51,1.5,267,0,0,多云,0
联发镇,lianfa,2026-02-07,19:00,-27.26,1028,96,-27.66,33,0,10000,1.57,1.59,269,0,0,多云,0
东风镇,dongfeng,2026-02-07,19:00,-29.42,1028,100,-29.42,63,0,10000,1.94,1.93,288,0,0,多云,0
乐业乡,leye,2026-02-07,19:00,-28.81,1028,100,-28.81,58,0,10000,1.92,1.89,280,0,0,多云,0
福民乡,fumin,2026-02-07,19:00,-28.2,1028,99,-28.3,44,0,10000,1.71,1.71,277,0,0,多云,0
海兴镇,haixing,2026-02-07,19:00,-28.13,1028,99,-28.23,42,0,10000,1.6,1.64,274,0,0,多云,0
向荣镇,xiangrong,2026-02-07,19:00,-28.5,1028,99,-28.6,43,0,10000,1.51,1.49,269,0,0,多云,0
伦河镇,lunhe,2026-02-07,19:00,-27.18,1028,96,-27.58,34,0,10000,1.45,1.51,272,0,0,多云,0
共荣镇,gongrong,2026-02-07,19:00,-28.2,1028,99,-28.3,48,0,10000,2.07,1.98,283,0,0,多云,0
双录乡,shuanglu,2026-02-07,19:00,-30.47,1028,100,-30.47,44,0,10000,1.37,1.44,289,0,0,多云,0
爱民乡,aimin,2026-02-07,19:00,-28.16,1028,97,-28.46,31,0,10000,1.48,1.45,272,0,0,多云,0
百祥镇,baixiang,2026-02-07,19:00,-27.31,1028,96,-27.71,34,0,10000,1.48,1.54,270,0,0,多云,0
东林镇,donglin,2026-02-07,19:00,-29.3,1028,100,-29.3,57,0,10000,1.76,1.74,283,0,0,多云,0
丰山乡,fengshan,2026-02-07,19:00,-27.87,1028,97,-28.17,37,0,10000,1.41,1.47,270,0,0,多云,0
海北镇,haibei,2026-02-07,19:00,-29.43,1028,99,-29.53,35,0,10000,1.35,1.32,275,0,0,多云,0
海伦农场,hlnc,2026-02-07,19:00,-31.2,1028,100,-31.2,34,0,10000,1.18,1.34,316,0,0,多云,0
海伦镇,hailun,2026-02-07,19:00,-28.88,1028,100,-28.88,56,0,10000,1.76,1.74,279,0,0,多云,0
海南乡,hainan,2026-02-07,19:00,-28.61,1028,99,-28.71,56,0,10000,2.08,2.03,285,0,0,多云,0
红光农场,hgnc,2026-02-07,19:00,-30.7,1028,100,-30.7,50,0,10000,1.46,1.53,308,0,0,多云,0
祥富镇,xiangfu,2026-02-07,19:00,-28.42,1028,99,-28.52,44,0,10000,1.7,1.71,275,0,0,多云,0
永富镇,yongfu,2026-02-07,19:00,-27.31,1028,97,-27.61,35,0,10000,1.4,1.44,274,0,0,多云,0
扎音河乡,zhayinhe,2026-02-07,19:00,-30.07,1028,100,-30.07,39,0,10000,1.3,1.3,279,0,0,多云,0
长发镇,changfa,2026-02-07,19:00,-28.99,1028,99,-29.09,49,0,10000,1.55,1.52,275,0,0,多云,0
南岗,nangang,2026-02-07,19:00,-21.7,1029,94,-22.33,75,0,10000,1.8,3.79,257,0,0,多云,0
松北,songbei,2026-02-07,19:00,-18.88,1029,93,-19.64,69,0,10000,1.81,3.75,254,0,0,多云,0
前进镇,qianjin,2026-02-07,21:00,-29.32,1028,99,-29.42,4,0,10000,1.73,1.76,250,0,0,晴,0
共合镇,gonghe,2026-02-07,21:00,-28.85,1028,98,-29.05,6,0,10000,1.6,1.36,244,0,0,晴,0
永和镇,yonghe,2026-02-07,21:00,-28.69,1028,98,-28.89,5,0,10000,1.63,1.34,249,0,0,晴,0
联发镇,lianfa,2026-02-07,21:00,-28.17,1028,97,-28.47,5,0,10000,1.72,1.66,251,0,0,晴,0
东风镇,dongfeng,2026-02-07,21:00,-30.6,1028,100,-30.6,10,0,10000,1.68,1.66,277,0,0,晴,0
乐业乡,leye,2026-02-07,21:00,-29.91,1028,100,-29.91,3,0,10000,1.81,1.82,266,0,0,晴,0
福民乡,fumin,2026-02-07,21:00,-28.92,1028,99,-29.02,6,0,10000,1.72,1.71,256,0,0,晴,0
海兴镇,haixing,2026-02-07,21:00,-28.8,1028,98,-29.0,6,0,10000,1.68,1.66,251,0,0,晴,0
向荣镇,xiangrong,2026-02-07,21:00,-29.29,1028,99,-29.39,6,0,10000,1.62,1.67,246,0,0,晴,0
伦河镇,lunhe,2026-02-07,21:00,-27.97,1028,96,-28.37,5,0,10000,1.68,1.59,249,0,0,晴,0
共荣镇,gongrong,2026-02-07,21:00,-29.43,1028,99,-29.53,2,0,10000,1.93,1.89,270,0,0,晴,0
双录乡,shuanglu,2026-02-07,21:00,-31.47,1028,100,-31.47,0,0,10000,0.98,0.96,264,0,0,晴,0
爱民乡,aimin,2026-02-07,21:00,-29.2,1028,99,-29.3,6,0,10000,1.53,1.48,252,0,0,晴,0
百祥镇,baixiang,2026-02-07,21:00,-28.13,1028,96,-28.53,5,0,10000,1.69,1.63,248,0,0,晴,0
东林镇,donglin,2026-02-07,21:00,-30.31,1028,100,-30.31,5,0,10000,1.52,1.48,266,0,0,晴,0
丰山乡,fengshan,2026-02-07,21:00,-28.52,1028,97,-28.82,5,0,10000,1.64,1.61,244,0,0,晴,0
海北镇,haibei,2026-02-07,21:00,-30.48,1028,100,-30.48,5,0,10000,1.25,1.33,253,0,0,晴,0
海伦农场,hlnc,2026-02-07,21:00,-32.33,1028,100,-32.33,0,0,10000,0.39,0.5,287,0,0,晴,0
海伦镇,hailun,2026-02-07,21:00,-29.83,1028,100,-29.83,6,0,10000,1.67,1.64,260,0,0,晴,0
海南乡,hainan,2026-02-07,21:00,-30.05,1028,100,-30.05,3,0,10000,1.91,1.91,275,0,0,晴,0
红光农场,hgnc,2026-02-07,21:00,-32.01,1028,100,-32.01,0,0,10000,0.7,0.8,298,0,0,晴,0
祥富镇,xiangfu,2026-02-07,21:00,-29.15,1028,99,-29.25,5,0,10000,1.73,1.71,254,0,0,晴,0
永富镇,yongfu,2026-02-07,21:00,-27.96,1028,96,-28.36,5,0,10000,1.62,1.61,247,0,0,晴,0
扎音河乡,zhayinhe,2026-02-07,21:00,-31.04,1028,100,-31.04,4,0,10000,1.1,1.08,255,0,0,晴,0
长发镇,changfa,2026-02-07,21:00,-29.88,1028,100,-29.88,6,0,10000,1.48,1.47,253,0,0,晴,0
南岗,nangang,2026-02-07,21:00,-22.07,1029,92,-22.92,11,0,10000,2.09,4.53,251,0,0,晴，少云,0
松北,songbei,2026-02-07,21:00,-21.88,1029,91,-22.84,10,0,10000,2.05,4.49,249,0,0,晴,0
前进镇,qianjin,2026-02-07,21:00,-29.87,1028,100,-29.87,5,0,10000,1.96,2.0,241,0,0,晴,0
共合镇,gonghe,2026-02-07,21:00,-29.45,1028,99,-29.55,6,0,10000,1.78,1.32,236,0,0,晴,0
永和镇,yonghe,2026-02-07,21:00,-29.16,1028,99,-29.26,5,0,10000,1.73,1.23,241,0,0,晴,0
联发镇,lianfa,2026-02-07,21:00,-28.68,1028,97,-28.98,5,0,10000,1.89,1.85,243,0,0,晴,0
东风镇,dongfeng,2026-02-07,21:00,-31.25,1028,100,-31.25,4,0,10000,1.52,1.43,263,0,0,晴,0
乐业乡,leye,2026-02-07,21:00,-30.43,1028,100,-30.43,3,0,10000,1.88,1.89,255,0,0,晴,0
福民乡,fumin,2026-02-07,21:00,-29.32,1028,99,-29.42,6,0,10000,2.11,2.06,242,0,0,晴,0
海兴镇,haixing,2026-02-07,21:00,-29.3,1028,99,-29.4,6,0,10000,2.06,2.0,238,0,0,晴,0
向荣镇,xiangrong,2026-02-07,21:00,-30.04,1028,100,-30.04,5,0,10000,1.76,1.77,236,0,0,晴,0
伦河镇,lunhe,2026-02-07,21:00,-28.5,1028,97,-28.8,5,0,10000,1.97,1.99,238,0,0,晴,0
共荣镇,gongrong,2026-02-07,21:00,-29.73,1028,99,-29.83,4,0,10000,2.15,2.1,257,0,0,晴,0
双录乡,shuanglu,2026-02-07,21:00,-32.24,1028,100,-32.24,12,0,10000,0.89,0.93,236,0,0,晴，少云,0
爱民乡,aimin,2026-02-07,21:00,-29.86,1028,100,-29.86,4,0,10000,1.48,1.38,244,0,0,晴,0
百祥镇,baixiang,2026-02-07,21:00,-28.71,1028,97,-29.01,5,0,10000,1.96,2.07,238,0,0,晴,0
东林镇,donglin,2026-02-07,21:00,-31.0,1028,100,-31.0,5,0,10000,1.49,1.47,251,0,0,晴,0
丰山乡,fengshan,2026-02-07,21:00,-29.21,1028,98,-29.41,5,0,10000,2.03,2.0,232,0,0,晴,0
海北镇,haibei,2026-02-07,21:00,-31.43,1028,100,-31.43,8,0,10000,1.13,1.16,237,0,0,晴,0
海伦农场,hlnc,2026-02-07,21:00,-33.08,1028,100,-33.08,27,0,10000,0.41,0.5,198,0,0,多云,0
海伦镇,hailun,2026-02-07,21:00,-30.47,1028,100,-30.47,5,0,10000,1.74,1.75,248,0,0,晴,0
海南乡,hainan,2026-02-07,21:00,-30.53,1028,100,-30.53,5,0,10000,1.91,1.86,264,0,0,晴,0
红光农场,hgnc,2026-02-07,21:00,-32.79,1028,100,-32.79,9,0,10000,0.38,0.49,240,0,0,晴,0
祥富镇,xiangfu,2026-02-07,21:00,-29.57,1028,99,-29.67,5,0,10000,2.04,2.02,243,0,0,晴,0
永富镇,yongfu,2026-02-07,21:00,-28.49,1028,97,-28.79,5,0,10000,1.96,1.79,236,0,0,晴,0
扎音河乡,zhayinhe,2026-02-07,21:00,-31.91,1028,100,-31.91,13,0,10000,1.0,1.01,234,0,0,晴，少云,0
长发镇,changfa,2026-02-07,21:00,-30.67,1028,100,-30.67,7,0,10000,1.51,1.54,240,0,0,晴,0
南岗,nangang,2026-02-07,21:00,-22.28,1029,91,-23.24,10,0,10000,2.26,4.11,235,0,0,晴,0
松北,songbei,2026-02-07,21:00,-21.88,1029,90,-22.96,8,0,10000,2.36,4.21,234,0,0,晴,0
前进镇,qianjin,2026-02-07,22:00,-30.39,1028,100,-30.39,3,0,10000,2.1,2.22,231,0,0,晴,0
共合镇,gonghe,2026-02-07,22:00,-29.78,1028,99,-29.88,6,0,10000,1.83,1.23,217,0,0,晴,0
永和镇,yonghe,2026-02-07,22:00,-29.39,1028,99,-29.49,5,0,10000,1.69,1.11,221,0,0,晴,0
联发镇,lianfa,2026-02-07,22:00,-28.84,1028,97,-29.14,5,0,10000,1.85,1.73,223,0,0,晴,0
东风镇,dongfeng,2026-02-07,22:00,-31.87,1028,100,-31.87,8,0,10000,1.59,1.38,249,0,0,晴,0
乐业乡,leye,2026-02-07,22:00,-30.89,1028,100,-30.89,2,0,10000,2.03,2.01,245,0,0,晴,0
福民乡,fumin,2026-02-07,22:00,-29.62,1028,99,-29.72,6,0,10000,2.17,2.01,232,0,0,晴,0
海兴镇,haixing,2026-02-07,22:00,-29.67,1028,99,-29.77,6,0,10000,2.13,1.91,227,0,0,晴,0
向荣镇,xiangrong,2026-02-07,22:00,-30.62,1028,100,-30.62,4,0,10000,1.77,1.87,225,0,0,晴,0
伦河镇,lunhe,2026-02-07,22:00,-28.62,1028,97,-28.92,5,0,10000,1.92,2.19,222,0,0,晴,0
共荣镇,gongrong,2026-02-07,22:00,-29.91,1028,99,-30.01,4,0,10000,2.27,2.25,248,0,0,晴,0
双录乡,shuanglu,2026-02-07,22:00,-32.85,1028,100,-32.85,18,0,10000,0.95,0.97,225,0,0,晴，少云,0
爱民乡,aimin,2026-02-07,22:00,-30.29,1028,100,-30.29,7,0,10000,1.31,1.3,220,0,0,晴,0
百祥镇,baixiang,2026-02-07,22:00,-28.89,1028,97,-29.18,5,0,10000,1.95,2.1,221,0,0,晴,0
东林镇,donglin,2026-02-07,22:00,-31.67,1028,100,-31.67,6,0,10000,1.57,1.46,241,0,0,晴,0
丰山乡,fengshan,2026-02-07,22:00,-29.62,1028,99,-29.72,5,0,10000,2.05,1.84,218,0,0,晴,0
海北镇,haibei,2026-02-07,22:00,-32.01,1028,100,-32.01,13,0,10000,0.99,0.89,214,0,0,晴，少云,0
海伦农场,hlnc,2026-02-07,22:00,-33.6,1028,100,-33.6,35,0,8000,0.62,0.66,193,0,0,多云,0
海伦镇,hailun,2026-02-07,22:00,-31.1,1028,100,-31.1,3,0,10000,1.83,1.8,239,0,0,晴,0
海南乡,hainan,2026-02-07,22:00,-30.85,1028,100,-30.85,5,0,10000,2.0,1.97,253,0,0,晴,0
红光农场,hgnc,2026-02-07,22:00,-33.43,1028,100,-33.43,22,0,10000,0.64,0.62,213,0,0,晴，少云,0
祥富镇,xiangfu,2026-02-07,22:00,-29.97,1028,100,-29.97,5,0,10000,2.18,2.16,233,0,0,晴,0
永富镇,yongfu,2026-02-07,22:00,-28.68,1028,97,-28.98,5,0,10000,1.88,2.05,223,0,0,晴,0
扎音河乡,zhayinhe,2026-02-07,22:00,-32.5,1028,100,-32.5,17,0,10000,0.95,0.9,219,0,0,晴，少云,0
长发镇,changfa,2026-02-07,22:00,-31.32,1028,100,-31.32,7,0,10000,1.53,1.51,230,0,0,晴,0
南岗,nangang,2026-02-07,22:00,-22.21,1029,89,-23.4,8,0,10000,2.61,5.41,235,0,0,晴,0
松北,songbei,2026-02-07,22:00,-21.88,1029,88,-23.19,7,0,10000,2.67,5.72,236,0,0,晴,0
前进镇,qianjin,2026-02-07,23:00,-30.41,1027,100,-30.41,5,0,10000,2.27,2.52,217,0,0,晴,0
共合镇,gonghe,2026-02-07,23:00,-29.57,1027,99,-29.67,6,0,10000,2.13,1.49,207,0,0,晴,0
永和镇,yonghe,2026-02-07,23:00,-29.3,1027,99,-29.4,6,0,10000,2.0,1.3,208,0,0,晴,0
联发镇,lianfa,2026-02-07,23:00,-28.46,1027,97,-28.76,6,0,10000,2.09,2.06,216,0,0,晴,0
东风镇,dongfeng,2026-02-07,23:00,-32.33,1028,100,-32.33,18,0,10000,1.71,1.58,220,0,0,晴，少云,0
乐业乡,leye,2026-02-07,23:00,-31.14,1027,100,-31.14,6,0,10000,2.03,2.04,226,0,0,晴,0
福民乡,fumin,2026-02-07,23:00,-29.37,1027,99,-29.47,6,0,10000,2.33,2.47,223,0,0,晴,0
海兴镇,haixing,2026-02-07,23:00,-29.34,1027,99,-29.44,6,0,10000,2.3,2.36,219,0,0,晴,0
向荣镇,xiangrong,2026-02-07,23:00,-30.75,1027,100,-30.75,8,0,10000,2.1,2.18,205,0,0,晴,0
伦河镇,lunhe,2026-02-07,23:00,-28.16,1027,96,-28.56,5,0,10000,2.08,2.55,215,0,0,晴,0
共荣镇,gongrong,2026-02-07,23:00,-29.98,1027,99,-30.08,3,0,10000,2.29,2.44,235,0,0,晴,0
双录乡,shuanglu,2026-02-07,23:00,-33.0,1027,100,-33.0,30,0,9976,1.38,1.51,189,0,0,多云,0
爱民乡,aimin,2026-02-07,23:00,-30.46,1027,100,-30.46,6,0,10000,1.76,1.48,193,0,0,晴,0
百祥镇,baixiang,2026-02-07,23:00,-28.39,1027,96,-28.79,5,0,10000,2.14,2.43,215,0,0,晴,0
东林镇,donglin,2026-02-07,23:00,-32.05,1027,100,-32.05,18,0,10000,1.78,1.76,213,0,0,晴，少云,0
丰山乡,fengshan,2026-02-07,23:00,-29.17,1027,98,-29.37,5,0,10000,2.22,2.08,211,0,0,晴,0
海北镇,haibei,2026-02-07,23:00,-32.09,1027,100,-32.09,17,0,10000,1.54,1.39,180,0,0,晴，少云,0
海伦农场,hlnc,2026-02-07,23:00,-33.68,1028,100,-33.68,44,0,8047,1.32,1.33,167,0,0,多云,0
海伦镇,hailun,2026-02-07,23:00,-31.41,1027,100,-31.41,12,0,10000,2.0,1.99,216,0,0,晴，少云,0
海南乡,hainan,2026-02-07,23:00,-31.12,1028,100,-31.12,4,0,10000,1.92,1.86,232,0,0,晴,0
红光农场,hgnc,2026-02-07,23:00,-33.81,1028,100,-33.81,32,0,8568,1.31,1.26,182,0,0,多云,0
祥富镇,xiangfu,2026-02-07,23:00,-29.78,1027,99,-29.88,5,0,10000,2.29,2.62,222,0,0,晴,0
永富镇,yongfu,2026-02-07,23:00,-28.3,1027,96,-28.7,5,0,10000,1.97,2.34,212,0,0,晴,0
扎音河乡,zhayinhe,2026-02-07,23:00,-32.56,1027,100,-32.56,26,0,10000,1.43,1.41,182,0,0,多云,0
长发镇,changfa,2026-02-07,23:00,-31.54,1027,100,-31.54,16,0,10000,1.83,1.85,203,0,0,晴，少云,0
南岗,nangang,2026-02-07,23:00,-22.33,1029,88,-23.63,7,0,10000,2.85,6.28,235,0,0,晴,0
松北,songbei,2026-02-07,23:00,-23.88,1029,88,-25.16,7,0,10000,2.91,6.82,233,0,0,晴,0
前进镇,qianjin,2026-02-08,00:00,-30.4,1027,99,-30.5,7,0,10000,2.12,2.08,205,0,0,晴,0
共合镇,gonghe,2026-02-08,00:00,-29.66,1026,98,-29.85,6,0,10000,1.97,1.1,201,0,0,晴,0
永和镇,yonghe,2026-02-08,00:00,-29.53,1026,98,-29.72,6,0,10000,1.84,1.0,203,0,0,晴,0
联发镇,lianfa,2026-02-08,00:00,-28.57,1026,95,-29.07,6,0,10000,2.0,2.03,216,0,0,晴,0
东风镇,dongfeng,2026-02-08,00:00,-32.76,1027,100,-32.76,25,0,10000,1.81,1.77,196,0,0,多云,0
乐业乡,leye,2026-02-08,00:00,-31.28,1027,100,-31.28,9,0,10000,1.9,1.79,207,0,0,晴,0
福民乡,fumin,2026-02-08,00:00,-28.87,1027,96,-29.27,7,0,10000,2.3,2.84,218,0,0,晴,0
海兴镇,haixing,2026-02-08,00:00,-28.88,1027,96,-29.28,7,0,10000,2.26,2.44,215,0,0,晴,0
向荣镇,xiangrong,2026-02-08,00:00,-30.92,1027,100,-30.92,11,0,10000,2.08,2.14,193,0,0,晴，少云,0
伦河镇,lunhe,2026-02-08,00:00,-27.81,1026,94,-28.41,5,0,10000,2.23,2.77,216,0,0,晴,0
共荣镇,gongrong,2026-02-08,00:00,-29.78,1027,98,-29.97,3,0,10000,2.07,2.64,221,0,0,晴,0
双录乡,shuanglu,2026-02-08,00:00,-33.39,1027,100,-33.39,38,0,10000,1.63,1.66,176,0,0,多云,0
爱民乡,aimin,2026-02-08,00:00,-30.83,1026,100,-30.83,8,0,10000,1.76,1.58,185,0,0,晴,0
百祥镇,baixiang,2026-02-08,00:00,-28.22,1026,94,-28.82,5,0,10000,2.19,2.54,216,0,0,晴,0
东林镇,donglin,2026-02-08,00:00,-32.5,1027,100,-32.5,27,0,10000,1.86,1.83,195,0,0,多云,0
丰山乡,fengshan,2026-02-08,00:00,-28.73,1027,96,-29.13,6,0,10000,2.28,2.06,211,0,0,晴,0
海北镇,haibei,2026-02-08,00:00,-32.41,1027,100,-32.41,22,0,10000,1.68,1.54,173,0,0,晴，少云,0
海伦农场,hlnc,2026-02-08,00:00,-34.07,1027,100,-34.07,52,0,10000,1.71,1.66,160,0,0,多云,0
海伦镇,hailun,2026-02-08,00:00,-31.73,1027,100,-31.73,19,0,10000,1.98,1.92,199,0,0,晴，少云,0
海南乡,hainan,2026-02-08,00:00,-31.22,1027,100,-31.22,4,0,10000,1.72,1.66,210,0,0,晴,0
红光农场,hgnc,2026-02-08,00:00,-34.39,1027,100,-34.39,41,0,8863,1.77,1.73,169,0,0,多云,0
祥富镇,xiangfu,2026-02-08,00:00,-29.52,1027,98,-29.71,6,0,10000,2.12,2.12,213,0,0,晴,0
永富镇,yongfu,2026-02-08,00:00,-27.71,1027,93,-28.42,5,0,10000,2.23,2.64,213,0,0,晴,0
扎音河乡,zhayinhe,2026-02-08,00:00,-32.86,1027,100,-32.86,32,0,10000,1.63,1.5,173,0,0,多云,0
长发镇,changfa,2026-02-08,00:00,-31.85,1027,100,-31.85,23,0,10000,1.91,1.88,190,0,0,晴，少云,0
南岗,nangang,2026-02-08,00:00,-22.45,1028,88,-23.75,7,0,10000,2.95,6.8,226,0,0,晴,0
松北,songbei,2026-02-08,00:00,-22.88,1028,87,-24.29,6,0,10000,3.1,7.21,227,0,0,晴,0
前进镇,qianjin,2026-02-08,01:00,-31.01,1026,99,-31.11,8,0,10000,1.98,2.02,191,0,0,晴,0
共合镇,gonghe,2026-02-08,01:00,-30.09,1026,97,-30.38,5,0,10000,1.82,1.1,194,0,0,晴,0
永和镇,yonghe,2026-02-08,01:00,-29.94,1026,97,-30.23,5,0,10000,1.63,0.97,197,0,0,晴,0
联发镇,lianfa,2026-02-08,01:00,-28.84,1026,95,-29.34,6,0,10000,1.8,1.85,215,0,0,晴,0
东风镇,dongfeng,2026-02-08,01:00,-33.3,1027,100,-33.3,31,0,10000,1.8,1.69,178,0,0,多云,0
乐业乡,leye,2026-02-08,01:00,-31.75,1027,100,-31.75,11,0,10000,1.79,1.68,190,0,0,晴，少云,0
福民乡,fumin,2026-02-08,01:00,-29.25,1026,95,-29.74,8,0,10000,2.11,2.31,213,0,0,晴,0
海兴镇,haixing,2026-02-08,01:00,-29.28,1026,95,-29.77,8,0,10000,2.11,2.09,209,0,0,晴,0
向荣镇,xiangrong,2026-02-08,01:00,-31.48,1026,100,-31.48,13,0,10000,2.07,2.13,179,0,0,晴，少云,0
伦河镇,lunhe,2026-02-08,01:00,-27.76,1026,93,-28.47,5,0,10000,2.12,3.07,221,0,0,晴,0
共荣镇,gongrong,2026-02-08,01:00,-30.25,1027,97,-30.54,2,0,10000,1.81,2.06,213,0,0,晴,0
双录乡,shuanglu,2026-02-08,01:00,-33.88,1027,100,-33.88,38,0,10000,1.96,1.93,157,0,0,多云,0
爱民乡,aimin,2026-02-08,01:00,-31.32,1026,100,-31.32,10,0,10000,1.72,1.44,174,0,0,晴,0
百祥镇,baixiang,2026-02-08,01:00,-28.35,1026,94,-28.95,5,0,10000,2.06,2.46,217,0,0,晴,0
东林镇,donglin,2026-02-08,01:00,-33.1,1027,100,-33.1,32,0,10000,1.91,1.81,175,0,0,多云,0
丰山乡,fengshan,2026-02-08,01:00,-28.91,1026,94,-29.51,6,0,10000,2.18,2.12,209,0,0,晴,0
海北镇,haibei,2026-02-08,01:00,-32.82,1026,100,-32.82,24,0,10000,1.93,1.88,158,0,0,晴，少云,0
海伦农场,hlnc,2026-02-08,01:00,-34.34,1027,100,-34.34,53,0,8857,2.22,2.13,146,0,0,多云,0
海伦镇,hailun,2026-02-08,01:00,-32.29,1027,100,-32.29,23,0,10000,1.96,1.83,181,0,0,晴，少云,0
海南乡,hainan,2026-02-08,01:00,-31.6,1027,99,-31.7,4,0,10000,1.59,1.51,194,0,0,晴,0
红光农场,hgnc,2026-02-08,01:00,-34.91,1027,100,-34.91,48,0,8909,2.05,1.95,153,0,0,多云,0
祥富镇,xiangfu,2026-02-08,01:00,-30.09,1026,97,-30.38,6,0,10000,1.92,1.98,204,0,0,晴,0
永富镇,yongfu,2026-02-08,01:00,-27.42,1026,92,-28.24,5,0,10000,2.18,3.62,222,0,0,晴,0
扎音河乡,zhayinhe,2026-02-08,01:00,-33.32,1027,100,-33.32,31,0,10000,1.96,1.84,156,0,0,多云,0
长发镇,changfa,2026-02-08,01:00,-32.4,1027,100,-32.4,25,0,10000,2.01,1.94,172,0,0,多云,0
南岗,nangang,2026-02-08,01:00,-22.54,1028,86,-24.07,6,0,10000,3.17,7.8,221,0,0,晴,0
松北,songbei,2026-02-08,01:00,-22.88,1028,85,-24.52,6,0,10000,3.32,8.31,226,0,0,晴,0
前进镇,qianjin,2026-02-08,02:00,-31.52,1026,97,-31.81,0,0,10000,2.24,2.15,187,0,0,晴,0
共合镇,gonghe,2026-02-08,02:00,-30.64,1025,96,-31.03,7,0,10000,1.78,1.21,195,0,0,晴,0
永和镇,yonghe,2026-02-08,02:00,-30.47,1025,96,-30.86,7,0,10000,1.56,1.08,199,0,0,晴,0
联发镇,lianfa,2026-02-08,02:00,-29.61,1025,94,-30.2,6,0,10000,1.61,1.71,214,0,0,晴,0
东风镇,dongfeng,2026-02-08,02:00,-34.07,1026,100,-34.07,16,0,10000,2.17,2.11,167,0,0,晴，少云,0
乐业乡,leye,2026-02-08,02:00,-32.54,1026,98,-32.73,0,0,10000,2.13,2.09,179,0,0,晴,0
福民乡,fumin,2026-02-08,02:00,-29.87,1026,94,-30.46,6,0,10000,2.08,2.07,206,0,0,晴,0
海兴镇,haixing,2026-02-08,02:00,-29.95,1026,94,-30.54,6,0,10000,2.06,1.86,203,0,0,晴,0
向荣镇,xiangrong,2026-02-08,02:00,-31.79,1026,98,-31.98,2,0,10000,2.29,2.25,179,0,0,晴,0
伦河镇,lunhe,2026-02-08,02:00,-28.44,1025,93,-29.14,3,0,10000,1.96,2.38,221,0,0,晴,0
共荣镇,gongrong,2026-02-08,02:00,-30.93,1026,95,-31.42,4,0,10000,1.9,2.02,202,0,0,晴,0
双录乡,shuanglu,2026-02-08,02:00,-34.25,1026,100,-34.25,34,0,10000,2.2,2.09,150,0,0,多云,0
爱民乡,aimin,2026-02-08,02:00,-31.65,1026,98,-31.84,16,0,10000,1.65,1.48,175,0,0,晴，少云,0
百祥镇,baixiang,2026-02-08,02:00,-29.1,1025,94,-29.7,4,0,10000,1.85,2.06,216,0,0,晴,0
东林镇,donglin,2026-02-08,02:00,-33.79,1026,100,-33.79,8,0,10000,2.22,2.1,166,0,0,晴,0
丰山乡,fengshan,2026-02-08,02:00,-29.59,1025,94,-30.18,5,0,10000,2.07,1.76,205,0,0,晴,0
海北镇,haibei,2026-02-08,02:00,-33.28,1026,100,-33.28,21,0,10000,1.97,1.92,156,0,0,晴，少云,0
海伦农场,hlnc,2026-02-08,02:00,-34.13,1026,100,-34.13,75,0,10000,2.47,2.28,142,0,0,多云,0
海伦镇,hailun,2026-02-08,02:00,-32.98,1026,99,-33.07,0,0,10000,2.28,2.14,173,0,0,晴,0
海南乡,hainan,2026-02-08,02:00,-32.39,1026,98,-32.58,5,0,10000,1.91,1.84,181,0,0,晴,0
红光农场,hgnc,2026-02-08,02:00,-35.05,1027,100,-35.05,70,0,10000,2.34,2.17,146,0,0,多云,0
祥富镇,xiangfu,2026-02-08,02:00,-30.78,1026,95,-31.27,4,0,10000,2.0,1.92,196,0,0,晴,0
永富镇,yongfu,2026-02-08,02:00,-27.97,1025,93,-28.68,3,0,10000,2.1,2.62,222,0,0,晴,0
扎音河乡,zhayinhe,2026-02-08,02:00,-33.78,1026,100,-33.78,24,0,10000,2.1,1.95,151,0,0,晴，少云,0
长发镇,changfa,2026-02-08,02:00,-32.91,1026,99,-33.0,3,0,10000,2.25,2.15,167,0,0,晴,0
南岗,nangang,2026-02-08,02:00,-22.91,1027,83,-24.79,2,0,10000,3.08,7.61,214,0,0,晴,0
松北,songbei,2026-02-08,02:00,-23.88,1027,83,-25.75,3,0,10000,3.19,8.23,222,0,0,晴,0
前进镇,qianjin,2026-02-08,03:00,-31.95,1025,97,-32.24,6,0,10000,1.98,2.0,184,0,0,晴,0
共合镇,gonghe,2026-02-08,03:00,-30.84,1025,96,-31.23,11,0,10000,1.43,0.96,193,0,0,晴，少云,0
永和镇,yonghe,2026-02-08,03:00,-30.7,1025,96,-31.09,12,0,10000,1.17,0.8,195,0,0,晴，少云,0
联发镇,lianfa,2026-02-08,03:00,-29.7,1025,94,-30.29,10,0,10000,1.36,1.42,219,0,0,晴,0
东风镇,dongfeng,2026-02-08,03:00,-34.46,1026,100,-34.46,19,0,10000,2.06,1.94,158,0,0,晴，少云,0
乐业乡,leye,2026-02-08,03:00,-32.83,1026,98,-33.02,6,0,10000,1.98,1.98,178,0,0,晴,0
福民乡,fumin,2026-02-08,03:00,-30.16,1025,96,-30.55,10,0,10000,1.95,1.87,215,0,0,晴,0
海兴镇,haixing,2026-02-08,03:00,-30.19,1025,96,-30.58,10,0,10000,1.91,1.7,212,0,0,晴,0
向荣镇,xiangrong,2026-02-08,03:00,-32.39,1025,98,-32.58,8,0,10000,2.04,2.0,170,0,0,晴,0
伦河镇,lunhe,2026-02-08,03:00,-28.58,1025,93,-29.28,9,0,10000,1.85,2.26,227,0,0,晴,0
共荣镇,gongrong,2026-02-08,03:00,-31.12,1025,96,-31.51,10,0,10000,1.85,1.86,210,0,0,晴,0
双录乡,shuanglu,2026-02-08,03:00,-34.35,1026,100,-34.35,29,0,10000,2.25,2.19,145,0,0,多云,0
爱民乡,aimin,2026-02-08,03:00,-32.06,1025,98,-32.25,22,0,10000,1.41,1.24,165,0,0,晴，少云,0
百祥镇,baixiang,2026-02-08,03:00,-29.19,1025,94,-29.79,9,0,10000,1.71,1.9,222,0,0,晴,0
东林镇,donglin,2026-02-08,03:00,-34.3,1026,100,-34.3,14,0,10000,2.13,2.0,155,0,0,晴，少云,0
丰山乡,fengshan,2026-02-08,03:00,-29.8,1025,95,-30.29,9,0,10000,1.88,1.62,213,0,0,晴,0
海北镇,haibei,2026-02-08,03:00,-33.52,1025,100,-33.52,20,0,10000,1.88,1.69,151,0,0,晴，少云,0
海伦农场,hlnc,2026-02-08,03:00,-33.83,1026,100,-33.83,69,0,10000,2.59,3.02,144,0,0,多云,0
海伦镇,hailun,2026-02-08,03:00,-33.54,1026,99,-33.63,7,0,10000,2.13,2.02,164,0,0,晴,0
海南乡,hainan,2026-02-08,03:00,-32.46,1026,98,-32.65,9,0,10000,1.84,1.74,186,0,0,晴,0
红光农场,hgnc,2026-02-08,03:00,-34.91,1026,100,-34.91,70,0,10000,2.4,2.51,142,0,0,多云,0
祥富镇,xiangfu,2026-02-08,03:00,-30.95,1025,96,-31.34,9,0,10000,1.85,1.83,203,0,0,晴,0
永富镇,yongfu,2026-02-08,03:00,-28.3,1025,93,-29.01,9,0,10000,1.95,2.33,226,0,0,晴,0
扎音河乡,zhayinhe,2026-02-08,03:00,-33.97,1026,100,-33.97,18,0,10000,2.08,1.81,147,0,0,晴，少云,0
长发镇,changfa,2026-02-08,03:00,-33.45,1026,99,-33.54,8,0,10000,2.14,1.98,158,0,0,晴,0
南岗,nangang,2026-02-08,03:00,-23.08,1027,83,-24.96,2,0,10000,3.13,7.62,205,0,0,晴,0
松北,songbei,2026-02-08,03:00,-24.88,1027,82,-26.85,3,0,10000,3.14,8.03,213,0,0,晴,0
前进镇,qianjin,2026-02-08,04:00,-32.24,1025,98,-32.43,9,0,10000,1.96,2.01,182,0,0,晴,0
共合镇,gonghe,2026-02-08,04:00,-31.05,1025,96,-31.44,12,0,10000,1.52,1.23,188,0,0,晴，少云,0
永和镇,yonghe,2026-02-08,04:00,-30.96,1025,95,-31.45,13,0,10000,1.34,1.09,186,0,0,晴，少云,0
联发镇,lianfa,2026-02-08,04:00,-29.98,1025,93,-30.68,12,0,10000,1.31,1.38,211,0,0,晴，少云,0
东风镇,dongfeng,2026-02-08,04:00,-34.59,1026,100,-34.59,19,0,10000,2.17,1.92,159,0,0,晴，少云,0
乐业乡,leye,2026-02-08,04:00,-33.09,1025,99,-33.18,11,0,10000,1.89,1.95,178,0,0,晴，少云,0
福民乡,fumin,2026-02-08,04:00,-30.43,1025,96,-30.82,10,0,10000,1.84,1.64,220,0,0,晴,0
海兴镇,haixing,2026-02-08,04:00,-30.43,1025,96,-30.82,10,0,10000,1.8,1.6,217,0,0,晴,0
向荣镇,xiangrong,2026-02-08,04:00,-32.74,1025,98,-32.93,12,0,10000,2.16,2.05,164,0,0,晴，少云,0
伦河镇,lunhe,2026-02-08,04:00,-28.96,1025,92,-29.77,10,0,10000,1.66,1.72,219,0,0,晴,0
共荣镇,gongrong,2026-02-08,04:00,-31.32,1025,97,-31.61,11,0,10000,1.73,1.56,219,0,0,晴，少云,0
双录乡,shuanglu,2026-02-08,04:00,-34.68,1025,100,-34.68,27,0,10000,2.37,2.25,142,0,0,多云,0
爱民乡,aimin,2026-02-08,04:00,-32.38,1025,98,-32.57,22,0,10000,1.63,1.41,160,0,0,晴，少云,0
百祥镇,baixiang,2026-02-08,04:00,-29.51,1025,93,-30.21,11,0,10000,1.54,1.66,216,0,0,晴，少云,0
东林镇,donglin,2026-02-08,04:00,-34.59,1025,100,-34.59,16,0,10000,2.29,2.09,154,0,0,晴，少云,0
丰山乡,fengshan,2026-02-08,04:00,-30.02,1025,94,-30.61,10,0,10000,1.74,1.69,213,0,0,晴,0
海北镇,haibei,2026-02-08,04:00,-33.93,1025,100,-33.93,19,0,10000,1.98,1.73,146,0,0,晴，少云,0
海伦农场,hlnc,2026-02-08,04:00,-34.04,1025,99,-34.13,66,0,10000,2.68,3.13,141,0,0,多云,0
海伦镇,hailun,2026-02-08,04:00,-33.87,1025,99,-33.96,12,0,10000,2.22,2.12,162,0,0,晴，少云,0
海南乡,hainan,2026-02-08,04:00,-32.61,1025,98,-32.8,12,0,10000,1.64,1.64,192,0,0,晴，少云,0
红光农场,hgnc,2026-02-08,04:00,-34.75,1026,100,-34.75,62,0,10000,2.59,2.63,144,0,0,多云,0
祥富镇,xiangfu,2026-02-08,04:00,-31.18,1025,97,-31.47,9,0,10000,1.76,1.76,208,0,0,晴,0
永富镇,yongfu,2026-02-08,04:00,-28.71,1025,93,-29.41,9,0,10000,1.8,1.68,218,0,0,晴,0
扎音河乡,zhayinhe,2026-02-08,04:00,-34.42,1025,100,-34.42,17,0,10000,2.17,1.87,142,0,0,晴，少云,0
长发镇,changfa,2026-02-08,04:00,-33.87,1025,100,-33.87,11,0,10000,2.28,2.08,154,0,0,晴，少云,0
南岗,nangang,2026-02-08,04:00,-23.36,1026,82,-25.36,4,0,10000,3.15,7.8,199,0,0,晴,0
松北,songbei,2026-02-08,04:00,-24.88,1026,81,-26.97,4,0,10000,3.03,8.0,209,0,0,晴,0
前进镇,qianjin,2026-02-08,05:00,-32.59,1025,98,-32.78,12,0,10000,1.85,1.91,180,0,0,晴，少云,0
共合镇,gonghe,2026-02-08,05:00,-31.31,1024,95,-31.8,11,0,10000,1.53,1.41,193,0,0,晴，少云,0
永和镇,yonghe,2026-02-08,05:00,-31.28,1024,95,-31.77,13,0,10000,1.29,1.18,190,0,0,晴，少云,0
联发镇,lianfa,2026-02-08,05:00,-30.27,1024,93,-30.96,12,0,10000,1.47,1.41,213,0,0,晴，少云,0
东风镇,dongfeng,2026-02-08,05:00,-34.71,1025,100,-34.71,22,0,10000,1.93,1.69,156,0,0,晴，少云,0
乐业乡,leye,2026-02-08,05:00,-33.35,1025,99,-33.44,16,0,10000,1.81,1.87,176,0,0,晴，少云,0
福民乡,fumin,2026-02-08,05:00,-30.68,1025,95,-31.17,12,0,10000,2.03,1.79,215,0,0,晴，少云,0
海兴镇,haixing,2026-02-08,05:00,-30.63,1025,95,-31.12,12,0,10000,2.01,1.84,213,0,0,晴，少云,0
向荣镇,xiangrong,2026-02-08,05:00,-33.22,1025,99,-33.31,15,0,10000,1.91,1.84,159,0,0,晴，少云,0
伦河镇,lunhe,2026-02-08,05:00,-29.34,1024,93,-30.04,11,0,10000,1.78,1.43,213,0,0,晴，少云,0
共荣镇,gongrong,2026-02-08,05:00,-31.54,1025,97,-31.83,13,0,10000,1.91,1.62,213,0,0,晴，少云,0
双录乡,shuanglu,2026-02-08,05:00,-35.14,1025,100,-35.14,28,0,10000,2.16,2.11,134,0,0,多云,0
爱民乡,aimin,2026-02-08,05:00,-32.79,1025,98,-32.98,22,0,10000,1.46,1.25,153,0,0,晴，少云,0
百祥镇,baixiang,2026-02-08,05:00,-29.79,1024,92,-30.59,12,0,10000,1.73,1.51,214,0,0,晴，少云,0
东林镇,donglin,2026-02-08,05:00,-35.0,1025,100,-35.0,21,0,10000,2.0,1.81,147,0,0,晴，少云,0
丰山乡,fengshan,2026-02-08,05:00,-30.19,1024,94,-30.78,12,0,10000,1.95,1.92,210,0,0,晴，少云,0
海北镇,haibei,2026-02-08,05:00,-34.45,1025,100,-34.45,20,0,10000,1.83,1.62,137,0,0,晴，少云,0
海伦农场,hlnc,2026-02-08,05:00,-34.31,1025,99,-34.4,64,0,10000,2.55,3.1,136,0,0,多云,0
海伦镇,hailun,2026-02-08,05:00,-34.31,1025,100,-34.31,17,0,10000,1.95,1.88,157,0,0,晴，少云,0
海南乡,hainan,2026-02-08,05:00,-32.68,1025,99,-32.77,15,0,10000,1.76,1.69,190,0,0,晴，少云,0
红光农场,hgnc,2026-02-08,05:00,-34.73,1025,100,-34.73,60,0,10000,2.34,2.44,139,0,0,多云,0
祥富镇,xiangfu,2026-02-08,05:00,-31.4,1025,96,-31.79,11,0,10000,1.89,1.86,205,0,0,晴，少云,0
永富镇,yongfu,2026-02-08,05:00,-29.13,1024,94,-29.73,10,0,10000,1.86,1.55,209,0,0,晴,0
扎音河乡,zhayinhe,2026-02-08,05:00,-34.99,1025,100,-34.99,17,0,10000,2.0,1.76,133,0,0,晴，少云,0
长发镇,changfa,2026-02-08,05:00,-34.42,1025,100,-34.42,15,0,10000,2.01,1.86,146,0,0,晴，少云,0
南岗,nangang,2026-02-08,05:00,-23.54,1026,82,-25.53,3,0,10000,3.39,8.21,197,0,0,晴,0
松北,songbei,2026-02-08,05:00,-23.88,1026,81,-25.99,4,0,10000,3.22,8.37,205,0,0,晴,0
前进镇,qianjin,2026-02-08,06:00,-32.1,1025,97,-32.39,27,0,10000,1.91,2.08,177,0,0,多云,0
共合镇,gonghe,2026-02-08,06:00,-30.61,1025,95,-31.1,30,0,10000,1.48,1.27,187,0,0,多云,0
永和镇,yonghe,2026-02-08,06:00,-30.54,1025,95,-31.03,30,0,10000,1.33,1.07,183,0,0,多云,0
联发镇,lianfa,2026-02-08,06:00,-29.44,1025,92,-30.24,30,0,10000,1.24,1.26,209,0,0,多云,0
东风镇,dongfeng,2026-02-08,06:00,-34.88,1025,100,-34.88,25,0,10000,2.07,1.83,153,0,0,多云,0
乐业乡,leye,2026-02-08,06:00,-33.16,1025,98,-33.35,24,0,10000,1.85,1.91,172,0,0,晴，少云,0
福民乡,fumin,2026-02-08,06:00,-30.25,1025,95,-30.74,29,0,10000,1.78,1.65,214,0,0,多云,0
海兴镇,haixing,2026-02-08,06:00,-30.14,1025,94,-30.73,30,0,10000,1.76,1.65,212,0,0,多云,0
向荣镇,xiangrong,2026-02-08,06:00,-32.72,1025,98,-32.91,30,0,10000,2.15,2.18,160,0,0,多云,0
伦河镇,lunhe,2026-02-08,06:00,-28.48,1025,92,-29.29,29,0,10000,1.37,1.23,214,0,0,多云,0
共荣镇,gongrong,2026-02-08,06:00,-31.3,1025,96,-31.69,23,0,10000,1.71,1.56,213,0,0,晴，少云,0
双录乡,shuanglu,2026-02-08,06:00,-34.83,1025,100,-34.83,34,0,10000,2.38,2.27,141,0,0,多云,0
爱民乡,aimin,2026-02-08,06:00,-32.25,1025,98,-32.44,39,0,10000,1.81,1.52,157,0,0,多云,0
百祥镇,baixiang,2026-02-08,06:00,-28.96,1025,92,-29.77,29,0,10000,1.38,1.36,213,0,0,多云,0
东林镇,donglin,2026-02-08,06:00,-34.86,1025,100,-34.86,28,0,10000,2.23,2.09,149,0,0,多云,0
丰山乡,fengshan,2026-02-08,06:00,-29.51,1025,93,-30.21,30,0,10000,1.62,1.62,210,0,0,多云,0
海北镇,haibei,2026-02-08,06:00,-34.01,1025,99,-34.1,32,0,10000,2.11,1.82,146,0,0,多云,0
海伦农场,hlnc,2026-02-08,06:00,-33.93,1025,99,-34.02,65,0,10000,2.75,3.25,143,0,0,多云,0
海伦镇,hailun,2026-02-08,06:00,-34.07,1025,99,-34.16,27,0,10000,2.16,2.16,157,0,0,多云,0
海南乡,hainan,2026-02-08,06:00,-32.62,1025,98,-32.81,20,0,10000,1.61,1.56,187,0,0,晴，少云,0
红光农场,hgnc,2026-02-08,06:00,-34.7,1025,100,-34.7,56,0,10000,2.59,2.67,143,0,0,多云,0
祥富镇,xiangfu,2026-02-08,06:00,-30.94,1025,95,-31.43,27,0,10000,1.74,1.77,203,0,0,多云,0
永富镇,yongfu,2026-02-08,06:00,-28.36,1025,93,-29.06,28,0,10000,1.42,1.18,211,0,0,多云,0
扎音河乡,zhayinhe,2026-02-08,06:00,-34.57,1025,100,-34.57,27,0,10000,2.22,1.9,142,0,0,多云,0
长发镇,changfa,2026-02-08,06:00,-34.08,1025,100,-34.08,27,0,10000,2.27,2.16,150,0,0,多云,0
南岗,nangang,2026-02-08,06:00,-23.55,1026,82,-25.54,4,0,10000,3.53,8.67,201,0,0,晴,0
松北,songbei,2026-02-08,06:00,-23.88,1026,81,-25.99,5,0,10000,3.3,8.3,211,0,0,晴,0
前进镇,qianjin,2026-02-08,07:00,-25.57,1024,86,-27.06,39,0.27,10000,1.79,2.8,217,0,0,多云,0
共合镇,gonghe,2026-02-08,07:00,-25.02,1024,84,-26.75,41,0.27,10000,1.63,2.64,227,0,0,多云,0
永和镇,yonghe,2026-02-08,07:00,-24.96,1024,83,-26.81,42,0.27,10000,1.47,2.39,226,0,0,多云,0
联发镇,lianfa,2026-02-08,07:00,-24.47,1024,83,-26.33,41,0.27,10000,1.76,3.51,238,0,0,多云,0
东风镇,dongfeng,2026-02-08,07:00,-27.28,1025,91,-28.2,37,0.28,10000,1.78,2.57,190,0,0,多云,0
乐业乡,leye,2026-02-08,07:00,-26.05,1025,88,-27.31,36,0.27,10000,1.81,3.02,210,0,0,多云,0
福民乡,fumin,2026-02-08,07:00,-25.03,1024,86,-26.53,41,0.27,10000,2.36,4.34,234,0,0,多云,0
海兴镇,haixing,2026-02-08,07:00,-24.92,1024,86,-26.42,42,0.27,10000,2.3,4.19,234,0,0,多云,0
向荣镇,xiangrong,2026-02-08,07:00,-26.02,1024,88,-27.28,42,0.27,10000,1.58,1.98,200,0,0,多云,0
伦河镇,lunhe,2026-02-08,07:00,-24.15,1024,84,-25.89,41,0.25,10000,2.07,4.3,240,0,0,多云,0
共荣镇,gongrong,2026-02-08,07:00,-25.4,1025,88,-26.67,36,0.27,10000,2.29,4.24,230,0,0,多云,0
双录乡,shuanglu,2026-02-08,07:00,-28.1,1025,93,-28.81,45,0.28,10000,1.7,2.13,175,0,0,多云,0
爱民乡,aimin,2026-02-08,07:00,-25.88,1024,86,-27.37,49,0.27,10000,1.33,1.51,199,0,0,多云,0
百祥镇,baixiang,2026-02-08,07:00,-24.34,1024,83,-26.2,41,0.25,10000,2.01,4.08,239,0,0,多云,0
东林镇,donglin,2026-02-08,07:00,-27.36,1025,92,-28.18,40,0.28,10000,1.72,2.25,185,0,0,多云,0
丰山乡,fengshan,2026-02-08,07:00,-24.75,1024,85,-26.37,42,0.27,10000,2.21,4.15,236,0,0,多云,0
海北镇,haibei,2026-02-08,07:00,-27.21,1025,91,-28.13,44,0.27,10000,1.41,1.5,184,0,0,多云,0
海伦农场,hlnc,2026-02-08,07:00,-28.72,1025,95,-29.22,71,0.28,10000,2.16,2.91,170,0,0,多云,0
海伦镇,hailun,2026-02-08,07:00,-26.68,1025,90,-27.72,39,0.27,10000,1.7,2.35,194,0,0,多云,0
海南乡,hainan,2026-02-08,07:00,-25.87,1025,88,-27.13,33,0.27,10000,1.99,3.54,218,0,0,多云,0
红光农场,hgnc,2026-02-08,07:00,-28.7,1025,96,-29.1,64,0.28,10000,2.21,2.96,171,0,0,多云,0
祥富镇,xiangfu,2026-02-08,07:00,-25.07,1024,86,-26.57,39,0.27,10000,2.11,3.73,231,0,0,多云,0
永富镇,yongfu,2026-02-08,07:00,-24.22,1024,85,-25.85,40,0.25,10000,2.14,4.4,238,0,0,多云,0
扎音河乡,zhayinhe,2026-02-08,07:00,-27.66,1025,92,-28.47,39,0.27,10000,1.48,1.68,179,0,0,多云,0
长发镇,changfa,2026-02-08,07:00,-26.84,1025,90,-27.87,39,0.27,10000,1.58,1.85,187,0,0,多云,0
南岗,nangang,2026-02-08,07:00,-22.17,1026,80,-24.43,6,0.35,10000,3.67,8.3,206,0,0,晴,0
松北,songbei,2026-02-08,07:00,-23.88,1026,80,-26.11,6,0.35,10000,3.5,7.99,216,0,0,晴,0
前进镇,qianjin,2026-02-08,11:00,-17.31,1022,75,-20.33,24,1.54,10000,3.55,5.47,234,0,0,晴，少云,0
共合镇,gonghe,2026-02-08,11:00,-16.53,1022,74,-19.71,19,1.54,10000,3.59,5.43,237,0,0,晴，少云,0
永和镇,yonghe,2026-02-08,11:00,-16.45,1022,73,-19.78,18,1.54,10000,3.54,5.43,238,0,0,晴，少云,0
联发镇,lianfa,2026-02-08,11:00,-16.17,1022,72,-19.65,18,1.54,10000,3.69,5.64,241,0,0,晴，少云,0
东风镇,dongfeng,2026-02-08,11:00,-18.38,1023,76,-21.24,33,1.55,10000,3.22,5.12,225,0,0,多云,0
乐业乡,leye,2026-02-08,11:00,-17.73,1023,76,-20.61,31,1.54,10000,3.48,5.38,232,0,0,多云,0
福民乡,fumin,2026-02-08,11:00,-16.84,1023,74,-20.02,31,1.54,10000,3.83,5.81,238,0,0,多云,0
海兴镇,haixing,2026-02-08,11:00,-16.66,1023,74,-19.84,29,1.54,10000,3.82,5.75,238,0,0,多云,0
向荣镇,xiangrong,2026-02-08,11:00,-17.43,1022,76,-20.31,21,1.51,10000,3.33,5.32,231,0,0,晴，少云,0
伦河镇,lunhe,2026-02-08,11:00,-15.89,1023,71,-19.52,20,1.59,10000,3.88,6.04,244,0,0,晴，少云,0
共荣镇,gongrong,2026-02-08,11:00,-17.4,1023,75,-20.42,37,1.54,10000,3.73,5.68,236,0,0,多云,0
双录乡,shuanglu,2026-02-08,11:00,-19.22,1022,78,-21.8,33,1.49,10000,2.99,4.6,214,0,0,多云,0
爱民乡,aimin,2026-02-08,11:00,-17.13,1022,75,-20.16,20,1.51,10000,3.14,5.08,230,0,0,晴，少云,0
百祥镇,baixiang,2026-02-08,11:00,-16.11,1022,72,-19.59,20,1.59,10000,3.8,5.85,242,0,0,晴，少云,0
东林镇,donglin,2026-02-08,11:00,-18.41,1022,77,-21.14,29,1.49,10000,3.18,5.16,224,0,0,多云,0
丰山乡,fengshan,2026-02-08,11:00,-16.39,1023,72,-19.86,24,1.54,10000,3.85,5.85,241,0,0,晴，少云,0
海北镇,haibei,2026-02-08,11:00,-18.18,1022,77,-20.91,26,1.51,10000,2.96,4.73,219,0,0,多云,0
海伦农场,hlnc,2026-02-08,11:00,-20.01,1023,80,-22.31,39,1.49,10000,3.08,4.28,202,0,0,多云,0
海伦镇,hailun,2026-02-08,11:00,-17.97,1022,76,-20.84,27,1.54,10000,3.33,5.36,229,0,0,多云,0
海南乡,hainan,2026-02-08,11:00,-17.77,1023,75,-20.78,37,1.54,10000,3.52,5.33,232,0,0,多云,0
红光农场,hgnc,2026-02-08,11:00,-19.63,1023,80,-21.94,41,1.49,10000,3.06,4.44,204,0,0,多云,0
祥富镇,xiangfu,2026-02-08,11:00,-16.91,1023,75,-19.94,28,1.54,10000,3.73,5.56,236,0,0,多云,0
永富镇,yongfu,2026-02-08,11:00,-15.76,1023,69,-19.7,23,1.59,10000,3.97,6.22,246,0,0,晴，少云,0
扎音河乡,zhayinhe,2026-02-08,11:00,-18.79,1022,77,-21.51,29,1.51,10000,2.97,4.63,216,0,0,多云,0
长发镇,changfa,2026-02-08,11:00,-18.0,1022,76,-20.87,25,1.51,10000,3.17,5.15,226,0,0,多云,0
南岗,nangang,2026-02-08,11:00,-15.09,1025,62,-20.16,43,1.6,10000,4.3,7.21,236,0,0,多云,0
松北,songbei,2026-02-08,11:00,-14.88,1025,61,-20.13,42,1.6,10000,4.42,7.21,235,0,0,多云,0
前进镇,qianjin,2026-02-08,12:00,-14.16,1020,74,-17.4,25,1.31,10000,4.42,6.31,239,0,0,多云,0
共合镇,gonghe,2026-02-08,12:00,-13.61,1020,72,-17.16,21,1.31,10000,4.42,6.45,241,0,0,晴，少云,0
永和镇,yonghe,2026-02-08,12:00,-13.59,1020,72,-17.14,20,1.31,10000,4.36,6.39,242,0,0,晴，少云,0
联发镇,lianfa,2026-02-08,12:00,-13.23,1020,71,-16.94,19,1.31,10000,4.53,6.75,243,0,0,晴，少云,0
东风镇,dongfeng,2026-02-08,12:00,-14.93,1021,76,-17.87,31,1.26,10000,4.24,6.06,232,0,0,多云,0
乐业乡,leye,2026-02-08,12:00,-14.41,1021,75,-17.5,29,1.31,10000,4.39,6.28,237,0,0,多云,0
福民乡,fumin,2026-02-08,12:00,-13.71,1021,72,-17.26,27,1.31,10000,4.68,6.95,243,0,0,多云,0
海兴镇,haixing,2026-02-08,12:00,-13.55,1021,72,-17.1,25,1.31,10000,4.66,6.91,243,0,0,多云,0
向荣镇,xiangrong,2026-02-08,12:00,-14.17,1020,75,-17.27,24,1.28,10000,4.28,5.94,236,0,0,晴，少云,0
伦河镇,lunhe,2026-02-08,12:00,-12.91,1020,69,-16.93,20,1.37,10000,4.77,7.02,244,0,0,晴，少云,0
共荣镇,gongrong,2026-02-08,12:00,-14.09,1021,73,-17.48,31,1.31,10000,4.59,6.83,242,0,0,多云,0
双录乡,shuanglu,2026-02-08,12:00,-15.13,1020,76,-18.07,31,1.21,10000,3.97,5.71,228,0,0,多云,0
爱民乡,aimin,2026-02-08,12:00,-14.0,1020,73,-17.39,23,1.28,10000,4.19,5.85,237,0,0,晴，少云,0
百祥镇,baixiang,2026-02-08,12:00,-13.11,1020,70,-16.97,20,1.37,10000,4.67,6.9,243,0,0,晴，少云,0
东林镇,donglin,2026-02-08,12:00,-14.81,1020,76,-17.75,28,1.21,10000,4.17,5.91,232,0,0,多云,0
丰山乡,fengshan,2026-02-08,12:00,-13.32,1021,71,-17.03,22,1.31,10000,4.7,6.91,243,0,0,晴，少云,0
海北镇,haibei,2026-02-08,12:00,-14.45,1020,75,-17.54,26,1.28,10000,4.04,5.59,231,0,0,多云,0
海伦农场,hlnc,2026-02-08,12:00,-15.58,1020,77,-18.37,34,1.21,10000,3.88,5.7,223,0,0,多云,0
海伦镇,hailun,2026-02-08,12:00,-14.55,1020,76,-17.5,27,1.31,10000,4.26,6.0,234,0,0,多云,0
海南乡,hainan,2026-02-08,12:00,-14.38,1021,74,-17.62,33,1.31,10000,4.43,6.47,238,0,0,多云,0
红光农场,hgnc,2026-02-08,12:00,-15.46,1021,77,-18.25,36,1.21,10000,4.02,5.91,226,0,0,多云,0
祥富镇,xiangfu,2026-02-08,12:00,-13.82,1021,73,-17.22,26,1.31,10000,4.57,6.74,242,0,0,多云,0
永富镇,yongfu,2026-02-08,12:00,-12.83,1021,68,-17.01,21,1.37,10000,4.88,7.14,245,0,0,晴，少云,0
扎音河乡,zhayinhe,2026-02-08,12:00,-14.8,1020,76,-17.74,29,1.28,10000,3.97,5.6,229,0,0,多云,0
长发镇,changfa,2026-02-08,12:00,-14.44,1020,75,-17.53,26,1.28,10000,4.16,5.79,233,0,0,多云,0
南岗,nangang,2026-02-08,12:00,-12.35,1023,61,-17.7,30,1.39,10000,4.87,7.79,237,0,0,多云,0
松北,songbei,2026-02-08,12:00,-12.88,1023,60,-18.39,29,1.39,10000,4.91,7.79,236,0,0,多云,0
前进镇,qianjin,2026-02-08,14:00,-13.24,1020,74,-16.51,24,0.82,10000,4.69,7.01,243,0,0,晴，少云,0
共合镇,gonghe,2026-02-08,14:00,-12.74,1020,73,-16.16,22,0.82,10000,4.64,7.16,243,0,0,晴，少云,0
永和镇,yonghe,2026-02-08,14:00,-12.74,1020,73,-16.16,21,0.82,10000,4.55,7.06,244,0,0,晴，少云,0
联发镇,lianfa,2026-02-08,14:00,-12.42,1020,72,-16.0,24,0.82,10000,4.74,7.44,244,0,0,晴，少云,0
东风镇,dongfeng,2026-02-08,14:00,-13.99,1020,76,-16.95,29,0.81,10000,4.47,6.76,240,0,0,多云,0
乐业乡,leye,2026-02-08,14:00,-13.53,1020,75,-16.64,29,0.82,10000,4.67,6.94,242,0,0,多云,0
福民乡,fumin,2026-02-08,14:00,-12.87,1020,73,-16.29,26,0.82,10000,4.91,7.48,244,0,0,多云,0
海兴镇,haixing,2026-02-08,14:00,-12.72,1020,73,-16.14,25,0.82,10000,4.91,7.48,244,0,0,多云,0
向荣镇,xiangrong,2026-02-08,14:00,-13.23,1020,74,-16.5,21,0.81,10000,4.46,6.74,242,0,0,晴，少云,0
伦河镇,lunhe,2026-02-08,14:00,-12.07,1020,70,-15.96,28,0.87,10000,4.95,7.58,245,0,0,多云,0
共荣镇,gongrong,2026-02-08,14:00,-13.2,1020,74,-16.47,29,0.82,10000,4.84,7.24,244,0,0,多云,0
双录乡,shuanglu,2026-02-08,14:00,-14.13,1020,76,-17.09,24,0.78,10000,4.19,6.13,238,0,0,晴，少云,0
爱民乡,aimin,2026-02-08,14:00,-13.12,1020,74,-16.39,20,0.81,10000,4.22,6.38,242,0,0,晴，少云,0
百祥镇,baixiang,2026-02-08,14:00,-12.28,1020,71,-16.02,26,0.87,10000,4.87,7.55,244,0,0,多云,0
东林镇,donglin,2026-02-08,14:00,-13.93,1020,76,-16.89,26,0.78,10000,4.41,6.7,240,0,0,多云,0
丰山乡,fengshan,2026-02-08,14:00,-12.49,1020,71,-16.22,26,0.82,10000,4.92,7.56,245,0,0,多云,0
海北镇,haibei,2026-02-08,14:00,-13.56,1020,75,-16.67,22,0.81,10000,4.1,6.07,239,0,0,晴，少云,0
海伦农场,hlnc,2026-02-08,14:00,-14.39,1020,77,-17.2,27,0.78,10000,4.1,5.76,234,0,0,多云,0
海伦镇,hailun,2026-02-08,14:00,-13.68,1020,76,-16.65,25,0.82,10000,4.52,6.84,241,0,0,多云,0
海南乡,hainan,2026-02-08,14:00,-13.44,1020,74,-16.7,31,0.82,10000,4.71,6.94,242,0,0,多云,0
红光农场,hgnc,2026-02-08,14:00,-14.38,1020,78,-17.06,29,0.78,10000,4.19,6.06,235,0,0,多云,0
祥富镇,xiangfu,2026-02-08,14:00,-12.94,1020,74,-16.21,25,0.82,10000,4.86,7.26,244,0,0,多云,0
永富镇,yongfu,2026-02-08,14:00,-11.98,1020,68,-16.19,29,0.87,10000,5.03,7.62,246,0,0,多云,0
扎音河乡,zhayinhe,2026-02-08,14:00,-13.84,1020,75,-16.95,22,0.81,10000,4.14,6.08,239,0,0,晴，少云,0
长发镇,changfa,2026-02-08,14:00,-13.54,1020,75,-16.65,23,0.81,10000,4.36,6.6,241,0,0,晴，少云,0
南岗,nangang,2026-02-08,14:00,-11.58,1022,63,-16.62,32,0.88,10000,4.84,8.02,235,0,0,多云,0
松北,songbei,2026-02-08,14:00,-9.88,1022,61,-15.34,30,0.88,10000,4.98,8.03,235,0,0,多云,0
前进镇,qianjin,2026-02-08,15:00,-12.5,1019,79,-15.08,15,0.38,10000,3.9,7.01,241,0,0,晴，少云,0
共合镇,gonghe,2026-02-08,15:00,-11.98,1019,78,-14.71,20,0.38,10000,3.73,7.33,241,0,0,晴，少云,0
永和镇,yonghe,2026-02-08,15:00,-11.95,1019,77,-14.82,25,0.38,10000,3.66,7.4,242,0,0,多云,0
联发镇,lianfa,2026-02-08,15:00,-11.65,1019,77,-14.52,24,0.38,10000,3.71,7.57,240,0,0,晴，少云,0
东风镇,dongfeng,2026-02-08,15:00,-13.1,1020,80,-15.53,31,0.36,10000,3.85,6.65,237,0,0,多云,0
乐业乡,leye,2026-02-08,15:00,-12.71,1020,79,-15.28,15,0.38,10000,3.89,6.9,240,0,0,晴，少云,0
福民乡,fumin,2026-02-08,15:00,-12.15,1020,78,-14.87,18,0.38,10000,3.89,7.46,241,0,0,晴，少云,0
海兴镇,haixing,2026-02-08,15:00,-12.0,1020,77,-14.87,17,0.38,10000,3.89,7.44,241,0,0,晴，少云,0
向荣镇,xiangrong,2026-02-08,15:00,-12.48,1019,79,-15.06,14,0.37,10000,3.82,6.83,240,0,0,晴，少云,0
伦河镇,lunhe,2026-02-08,15:00,-11.37,1019,75,-14.54,23,0.4,10000,3.87,7.81,241,0,0,晴，少云,0
共荣镇,gongrong,2026-02-08,15:00,-12.46,1020,79,-15.04,19,0.38,10000,3.86,7.32,240,0,0,晴，少云,0
双录乡,shuanglu,2026-02-08,15:00,-13.33,1019,81,-15.62,33,0.34,10000,3.65,6.41,235,0,0,多云,0
爱民乡,aimin,2026-02-08,15:00,-12.32,1019,78,-15.04,28,0.37,10000,3.68,6.82,241,0,0,多云,0
百祥镇,baixiang,2026-02-08,15:00,-11.56,1019,76,-14.58,22,0.4,10000,3.82,7.63,240,0,0,晴，少云,0
东林镇,donglin,2026-02-08,15:00,-13.05,1019,80,-15.48,22,0.34,10000,3.81,6.7,238,0,0,晴，少云,0
丰山乡,fengshan,2026-02-08,15:00,-11.8,1020,76,-14.81,16,0.38,10000,3.87,7.57,240,0,0,晴，少云,0
海北镇,haibei,2026-02-08,15:00,-12.74,1019,80,-15.18,20,0.37,10000,3.59,6.5,238,0,0,晴，少云,0
海伦农场,hlnc,2026-02-08,15:00,-13.56,1019,81,-15.85,63,0.34,10000,3.68,6.16,232,0,0,多云,0
海伦镇,hailun,2026-02-08,15:00,-12.84,1019,80,-15.28,15,0.38,10000,3.87,6.8,239,0,0,晴，少云,0
海南乡,hainan,2026-02-08,15:00,-12.66,1020,79,-15.24,18,0.38,10000,3.83,6.97,239,0,0,晴，少云,0
红光农场,hgnc,2026-02-08,15:00,-13.47,1019,80,-15.89,72,0.34,10000,3.8,6.29,232,0,0,多云,0
祥富镇,xiangfu,2026-02-08,15:00,-12.2,1020,78,-14.92,18,0.38,10000,3.9,7.26,241,0,0,晴，少云,0
永富镇,yongfu,2026-02-08,15:00,-11.32,1020,74,-14.63,21,0.4,10000,3.94,8.0,242,0,0,晴，少云,0
扎音河乡,zhayinhe,2026-02-08,15:00,-13.05,1019,80,-15.48,21,0.37,10000,3.58,6.42,236,0,0,晴，少云,0
长发镇,changfa,2026-02-08,15:00,-12.72,1019,80,-15.16,13,0.37,10000,3.76,6.69,238,0,0,晴，少云,0
南岗,nangang,2026-02-08,15:00,-11.22,1022,66,-15.77,9,0.41,10000,4.28,8.52,234,0,0,晴,0
松北,songbei,2026-02-08,15:00,-10.84,1021,65,-15.57,9,0.41,10000,4.38,8.59,232,0,0,晴,0
前进镇,qianjin,2026-02-08,15:00,-13.25,1020,84,-15.15,55,0,10000,2.85,4.82,228,0,0,多云,0
共合镇,gonghe,2026-02-08,15:00,-12.54,1019,83,-14.58,58,0,10000,2.77,4.88,228,0,0,多云,0
永和镇,yonghe,2026-02-08,15:00,-12.55,1019,83,-14.59,60,0,10000,2.65,4.54,229,0,0,多云,0
联发镇,lianfa,2026-02-08,15:00,-12.25,1019,82,-14.43,60,0,10000,2.82,5.22,228,0,0,多云,0
东风镇,dongfeng,2026-02-08,15:00,-14.36,1020,86,-15.99,59,0,10000,2.67,4.24,224,0,0,多云,0
乐业乡,leye,2026-02-08,15:00,-13.83,1020,85,-15.59,53,0,10000,2.74,4.33,227,0,0,多云,0
福民乡,fumin,2026-02-08,15:00,-13.1,1020,83,-15.13,54,0,10000,2.8,4.94,228,0,0,多云,0
海兴镇,haixing,2026-02-08,15:00,-12.82,1020,82,-14.99,55,0,10000,2.88,5.18,228,0,0,多云,0
向荣镇,xiangrong,2026-02-08,15:00,-13.23,1019,85,-15.0,54,0,10000,2.73,4.65,227,0,0,多云,0
伦河镇,lunhe,2026-02-08,15:00,-12.14,1020,80,-14.59,57,0,10000,2.93,5.38,229,0,0,多云,0
共荣镇,gongrong,2026-02-08,15:00,-13.75,1020,84,-15.64,53,0,10000,2.63,4.17,226,0,0,多云,0
双录乡,shuanglu,2026-02-08,15:00,-14.47,1019,87,-15.98,63,0,10000,2.6,4.31,222,0,0,多云,0
爱民乡,aimin,2026-02-08,15:00,-12.98,1019,84,-14.88,62,0,10000,2.64,4.46,228,0,0,多云,0
百祥镇,baixiang,2026-02-08,15:00,-12.24,1019,81,-14.55,58,0,10000,2.93,5.5,228,0,0,多云,0
东林镇,donglin,2026-02-08,15:00,-14.16,1020,86,-15.79,55,0,10000,2.7,4.49,225,0,0,多云,0
丰山乡,fengshan,2026-02-08,15:00,-12.56,1020,81,-14.87,54,0,10000,2.91,5.4,228,0,0,多云,0
海北镇,haibei,2026-02-08,15:00,-13.55,1019,85,-15.32,58,0,10000,2.65,4.59,226,0,0,多云,0
海伦农场,hlnc,2026-02-08,15:00,-14.76,1019,88,-16.14,79,0,10000,2.59,4.16,218,0,0,多云,0
海伦镇,hailun,2026-02-08,15:00,-13.85,1020,85,-15.61,52,0,10000,2.75,4.55,226,0,0,多云,0
海南乡,hainan,2026-02-08,15:00,-14.04,1020,85,-15.8,51,0,10000,2.58,3.81,224,0,0,多云,0
红光农场,hgnc,2026-02-08,15:00,-14.73,1020,87,-16.23,83,0,10000,2.61,4.3,218,0,0,多云,0
祥富镇,xiangfu,2026-02-08,15:00,-12.95,1020,83,-14.99,57,0,10000,2.92,5.09,229,0,0,多云,0
永富镇,yongfu,2026-02-08,15:00,-12.22,1020,80,-14.67,54,0,10000,2.88,5.15,230,0,0,多云,0
扎音河乡,zhayinhe,2026-02-08,15:00,-14.03,1019,86,-15.67,57,0,10000,2.62,4.47,224,0,0,多云,0
长发镇,changfa,2026-02-08,15:00,-13.66,1020,86,-15.3,52,0,10000,2.7,4.58,226,0,0,多云,0
南岗,nangang,2026-02-08,15:00,-11.83,1022,71,-15.58,11,0,10000,3.68,8.17,225,0,0,晴，少云,0
松北,songbei,2026-02-08,15:00,-8.88,1021,70,-12.87,10,0,10000,3.76,8.15,224,0,0,晴,0
前进镇,qianjin,2026-02-08,16:00,-16.66,1020,91,-17.66,69,0,10000,2.23,2.26,188,0,0,多云,0
共合镇,gonghe,2026-02-08,16:00,-16.94,1020,91,-17.94,68,0,10000,2.23,2.09,190,0,0,多云,0
永和镇,yonghe,2026-02-08,16:00,-16.99,1020,91,-17.99,70,0,10000,2.14,2.01,193,0,0,多云,0
联发镇,lianfa,2026-02-08,16:00,-16.81,1020,90,-17.93,68,0,10000,2.27,2.23,196,0,0,多云,0
东风镇,dongfeng,2026-02-08,16:00,-15.88,1020,91,-16.89,72,0,10000,2.28,3.37,193,0,0,多云,0
乐业乡,leye,2026-02-08,16:00,-16.54,1020,91,-17.55,67,0,10000,2.25,2.43,191,0,0,多云,0
福民乡,fumin,2026-02-08,16:00,-17.03,1020,91,-18.03,64,0,10000,2.38,2.16,190,0,0,多云,0
海兴镇,haixing,2026-02-08,16:00,-16.89,1020,90,-18.01,65,0,10000,2.39,2.25,190,0,0,多云,0
向荣镇,xiangrong,2026-02-08,16:00,-16.4,1020,91,-17.41,69,0,10000,2.15,2.31,189,0,0,多云,0
伦河镇,lunhe,2026-02-08,16:00,-16.7,1020,89,-17.94,62,0,10000,2.39,2.33,193,0,0,多云,0
共荣镇,gongrong,2026-02-08,16:00,-17.25,1020,92,-18.13,65,0,10000,2.26,1.77,191,0,0,多云,0
双录乡,shuanglu,2026-02-08,16:00,-15.91,1020,92,-16.8,75,0,10000,2.06,2.68,191,0,0,多云,0
爱民乡,aimin,2026-02-08,16:00,-16.93,1020,92,-17.82,74,0,10000,1.97,1.85,194,0,0,多云,0
百祥镇,baixiang,2026-02-08,16:00,-16.8,1020,90,-17.92,64,0,10000,2.37,2.3,194,0,0,多云,0
东林镇,donglin,2026-02-08,16:00,-15.78,1020,91,-16.79,70,0,10000,2.22,3.25,193,0,0,多云,0
丰山乡,fengshan,2026-02-08,16:00,-16.95,1020,90,-18.07,62,0,10000,2.44,2.31,190,0,0,多云,0
海北镇,haibei,2026-02-08,16:00,-16.24,1020,92,-17.13,72,0,10000,1.97,2.13,194,0,0,多云,0
海伦农场,hlnc,2026-02-08,16:00,-16.57,1020,93,-17.34,86,0,10000,2.01,2.19,183,0,0,阴，多云,0
海伦镇,hailun,2026-02-08,16:00,-16.08,1020,91,-17.09,68,0,10000,2.22,2.94,191,0,0,多云,0
海南乡,hainan,2026-02-08,16:00,-16.97,1020,92,-17.86,65,0,10000,2.23,1.96,190,0,0,多云,0
红光农场,hgnc,2026-02-08,16:00,-16.07,1020,92,-16.96,89,0,10000,2.17,3.07,188,0,0,阴，多云,0
祥富镇,xiangfu,2026-02-08,16:00,-16.77,1020,91,-17.77,68,0,10000,2.31,2.2,189,0,0,多云,0
永富镇,yongfu,2026-02-08,16:00,-16.7,1020,89,-17.94,58,0,10000,2.43,2.35,191,0,0,多云,0
扎音河乡,zhayinhe,2026-02-08,16:00,-15.91,1020,92,-16.8,72,0,10000,1.99,2.34,193,0,0,多云,0
长发镇,changfa,2026-02-08,16:00,-15.86,1020,91,-16.87,68,0,10000,2.14,2.79,191,0,0,多云,0
南岗,nangang,2026-02-08,16:00,-14.28,1022,81,-16.56,22,0,10000,2.71,6.4,203,0,0,晴，少云,0
松北,songbei,2026-02-08,16:00,-8.88,1022,81,-11.25,13,0,10000,2.76,7.03,202,0,0,晴，少云,0
前进镇,qianjin,2026-02-08,17:00,-18.6,1020,93,-19.36,74,0,10000,2.87,3.57,184,0,0,多云,0
共合镇,gonghe,2026-02-08,17:00,-18.93,1020,94,-19.58,71,0,10000,2.65,3.15,188,0,0,多云,0
永和镇,yonghe,2026-02-08,17:00,-19.19,1020,95,-19.73,71,0,10000,2.48,2.71,191,0,0,多云,0
联发镇,lianfa,2026-02-08,17:00,-18.82,1020,94,-19.47,67,0,10000,2.56,3.13,194,0,0,多云,0
东风镇,dongfeng,2026-02-08,17:00,-18.95,1020,95,-19.49,79,0,10000,2.65,2.93,185,0,0,多云,0
乐业乡,leye,2026-02-08,17:00,-18.73,1020,94,-19.38,75,0,10000,2.83,4.05,186,0,0,多云,0
福民乡,fumin,2026-02-08,17:00,-17.89,1020,91,-18.89,69,0,10000,3.15,5.74,192,0,0,多云,0
海兴镇,haixing,2026-02-08,17:00,-17.87,1020,91,-18.87,69,0,10000,3.12,5.44,191,0,0,多云,0
向荣镇,xiangrong,2026-02-08,17:00,-18.75,1020,94,-19.4,74,0,10000,2.69,2.57,182,0,0,多云,0
伦河镇,lunhe,2026-02-08,17:00,-17.95,1020,92,-18.83,62,0,10000,2.89,4.37,193,0,0,多云,0
共荣镇,gongrong,2026-02-08,17:00,-18.3,1020,92,-19.18,71,0,10000,3.03,5.8,193,0,0,多云,0
双录乡,shuanglu,2026-02-08,17:00,-19.38,1020,96,-19.81,81,0,10000,2.32,2.08,178,0,0,多云,0
爱民乡,aimin,2026-02-08,17:00,-19.41,1020,96,-19.84,76,0,10000,2.36,2.07,187,0,0,多云,0
百祥镇,baixiang,2026-02-08,17:00,-18.32,1020,93,-19.08,64,0,10000,2.79,3.93,193,0,0,多云,0
东林镇,donglin,2026-02-08,17:00,-18.95,1020,95,-19.49,78,0,10000,2.58,2.45,182,0,0,多云,0
丰山乡,fengshan,2026-02-08,17:00,-17.94,1020,91,-18.93,64,0,10000,3.08,5.1,191,0,0,多云,0
海北镇,haibei,2026-02-08,17:00,-19.51,1020,96,-19.94,77,0,10000,2.29,2.02,182,0,0,多云,0
海伦农场,hlnc,2026-02-08,17:00,-19.6,1020,97,-19.92,87,0,10000,2.3,2.32,171,0,0,阴，多云,0
海伦镇,hailun,2026-02-08,17:00,-18.8,1020,94,-19.45,75,0,10000,2.71,2.92,183,0,0,多云,0
海南乡,hainan,2026-02-08,17:00,-18.69,1020,94,-19.34,73,0,10000,2.86,5.08,190,0,0,多云,0
红光农场,hgnc,2026-02-08,17:00,-19.06,1020,96,-19.49,91,0,10000,2.39,2.11,177,0,0,阴，多云,0
祥富镇,xiangfu,2026-02-08,17:00,-18.24,1020,92,-19.12,73,0,10000,2.98,4.74,188,0,0,多云,0
永富镇,yongfu,2026-02-08,17:00,-17.53,1020,91,-18.53,61,0,10000,3.09,5.22,193,0,0,多云,0
扎音河乡,zhayinhe,2026-02-08,17:00,-19.44,1020,96,-19.87,77,0,10000,2.26,2.06,179,0,0,多云,0
长发镇,changfa,2026-02-08,17:00,-18.84,1020,95,-19.38,75,0,10000,2.57,2.37,181,0,0,多云,0
南岗,nangang,2026-02-08,17:00,-15.06,1022,84,-16.93,29,0,10000,3.11,7.52,196,0,0,多云,0
松北,songbei,2026-02-08,17:00,-9.88,1022,83,-11.96,20,0,10000,3.12,7.75,197,0,0,晴，少云,0
前进镇,qianjin,2026-02-08,18:00,-18.95,1020,93,-19.71,61,0,10000,2.88,5.47,189,0,0,多云,0
共合镇,gonghe,2026-02-08,18:00,-19.36,1020,94,-20.01,60,0,10000,2.59,4.44,195,0,0,多云,0
永和镇,yonghe,2026-02-08,18:00,-19.88,1020,95,-20.41,60,0,10000,2.34,3.45,198,0,0,多云,0
联发镇,lianfa,2026-02-08,18:00,-19.14,1020,94,-19.79,57,0,10000,2.61,4.32,203,0,0,多云,0
东风镇,dongfeng,2026-02-08,18:00,-20.02,1020,96,-20.44,69,0,10000,2.67,3.93,187,0,0,多云,0
乐业乡,leye,2026-02-08,18:00,-19.31,1020,94,-19.96,62,0,10000,2.88,4.84,190,0,0,多云,0
福民乡,fumin,2026-02-08,18:00,-17.81,1020,90,-18.92,58,0,10000,3.3,7.17,198,0,0,多云,0
海兴镇,haixing,2026-02-08,18:00,-17.8,1020,91,-18.8,58,0,10000,3.26,6.99,197,0,0,多云,0
向荣镇,xiangrong,2026-02-08,18:00,-19.59,1020,95,-20.12,62,0,10000,2.62,4.42,185,0,0,多云,0
伦河镇,lunhe,2026-02-08,18:00,-18.23,1020,92,-19.11,53,0,10000,2.95,6.07,200,0,0,多云,0
共荣镇,gongrong,2026-02-08,18:00,-18.31,1020,91,-19.3,61,0,10000,3.18,6.71,198,0,0,多云,0
双录乡,shuanglu,2026-02-08,18:00,-21.25,1020,98,-21.46,68,0,10000,2.2,2.33,175,0,0,多云,0
爱民乡,aimin,2026-02-08,18:00,-20.7,1020,97,-21.02,63,0,10000,2.13,3.28,190,0,0,多云,0
百祥镇,baixiang,2026-02-08,18:00,-18.53,1020,93,-19.29,54,0,10000,2.88,5.65,201,0,0,多云,0
东林镇,donglin,2026-02-08,18:00,-20.28,1020,96,-20.7,66,0,10000,2.52,3.09,183,0,0,多云,0
丰山乡,fengshan,2026-02-08,18:00,-18.01,1020,91,-19.0,54,0,10000,3.21,6.73,197,0,0,多云,0
海北镇,haibei,2026-02-08,18:00,-21.26,1020,98,-21.47,64,0,10000,2.11,2.48,181,0,0,多云,0
海伦农场,hlnc,2026-02-08,18:00,-21.62,1020,99,-21.72,73,0,10000,2.2,2.23,167,0,0,多云,0
海伦镇,hailun,2026-02-08,18:00,-19.81,1020,95,-20.34,63,0,10000,2.68,3.69,185,0,0,多云,0
海南乡,hainan,2026-02-08,18:00,-19.06,1020,93,-19.82,62,0,10000,2.99,5.6,195,0,0,多云,0
红光农场,hgnc,2026-02-08,18:00,-20.91,1020,98,-21.12,80,0,10000,2.33,3.62,174,0,0,多云,0
祥富镇,xiangfu,2026-02-08,18:00,-18.22,1020,92,-19.1,61,0,10000,3.09,6.44,194,0,0,多云,0
永富镇,yongfu,2026-02-08,18:00,-17.88,1020,91,-18.88,52,0,10000,3.08,6.56,198,0,0,多云,0
扎音河乡,zhayinhe,2026-02-08,18:00,-21.33,1020,98,-21.54,65,0,10000,2.1,2.14,177,0,0,多云,0
长发镇,changfa,2026-02-08,18:00,-20.18,1020,96,-20.6,63,0,10000,2.46,3.13,181,0,0,多云,0
南岗,nangang,2026-02-08,18:00,-14.98,1022,82,-17.11,29,0,10000,3.69,9.52,191,0,0,多云,0
松北,songbei,2026-02-08,18:00,-11.88,1022,81,-14.2,20,0,10000,3.59,9.48,194,0,0,晴，少云,0
前进镇,qianjin,2026-02-08,19:00,-19.79,1020,94,-20.43,53,0,10000,2.65,4.53,193,0,0,多云,0
共合镇,gonghe,2026-02-08,19:00,-20.72,1020,96,-21.14,51,0,10000,2.16,3.18,197,0,0,多云,0
永和镇,yonghe,2026-02-08,19:00,-21.31,1020,97,-21.62,51,0,10000,1.95,2.47,199,0,0,多云,0
联发镇,lianfa,2026-02-08,19:00,-20.53,1020,96,-20.95,48,0,10000,2.05,2.31,204,0,0,多云,0
东风镇,dongfeng,2026-02-08,19:00,-20.82,1020,96,-21.24,59,0,10000,2.6,3.9,190,0,0,多云,0
乐业乡,leye,2026-02-08,19:00,-19.93,1020,95,-20.46,53,0,10000,2.72,4.33,194,0,0,多云,0
福民乡,fumin,2026-02-08,19:00,-18.7,1020,92,-19.57,50,0,10000,2.89,5.85,200,0,0,多云,0
海兴镇,haixing,2026-02-08,19:00,-18.76,1020,93,-19.52,50,0,10000,2.82,5.56,199,0,0,多云,0
向荣镇,xiangrong,2026-02-08,19:00,-20.75,1020,96,-21.17,53,0,10000,2.39,3.4,189,0,0,多云,0
伦河镇,lunhe,2026-02-08,19:00,-19.49,1020,95,-20.03,45,0,10000,2.3,3.14,197,0,0,多云,0
共荣镇,gongrong,2026-02-08,19:00,-18.9,1020,92,-19.77,52,0,10000,2.89,5.91,201,0,0,多云,0
双录乡,shuanglu,2026-02-08,19:00,-22.56,1020,98,-22.77,59,0,10000,1.89,2.08,177,0,0,多云,0
爱民乡,aimin,2026-02-08,19:00,-22.03,1020,98,-22.24,53,0,10000,1.87,2.38,196,0,0,多云,0
百祥镇,baixiang,2026-02-08,19:00,-19.84,1020,95,-20.37,46,0,10000,2.24,2.84,200,0,0,多云,0
东林镇,donglin,2026-02-08,19:00,-21.31,1020,97,-21.62,57,0,10000,2.4,2.93,187,0,0,多云,0
丰山乡,fengshan,2026-02-08,19:00,-19.23,1020,94,-19.88,47,0,10000,2.67,4.59,197,0,0,多云,0
海北镇,haibei,2026-02-08,19:00,-22.55,1020,99,-22.65,55,0,10000,1.81,1.92,187,0,0,多云,0
海伦农场,hlnc,2026-02-08,19:00,-23.2,1021,99,-23.3,63,0,10000,1.82,1.86,158,0,0,多云,0
海伦镇,hailun,2026-02-08,19:00,-20.74,1020,96,-21.16,54,0,10000,2.53,3.28,189,0,0,多云,0
海南乡,hainan,2026-02-08,19:00,-19.59,1020,94,-20.23,54,0,10000,2.76,5.04,197,0,0,多云,0
红光农场,hgnc,2026-02-08,19:00,-22.33,1021,98,-22.54,68,0,10000,2.09,3.17,172,0,0,多云,0
祥富镇,xiangfu,2026-02-08,19:00,-18.95,1020,93,-19.71,53,0,10000,2.75,5.49,198,0,0,多云,0
永富镇,yongfu,2026-02-08,19:00,-19.06,1020,93,-19.82,45,0,10000,2.54,4.15,192,0,0,多云,0
扎音河乡,zhayinhe,2026-02-08,19:00,-22.6,1020,98,-22.81,56,0,10000,1.8,1.8,181,0,0,多云,0
长发镇,changfa,2026-02-08,19:00,-21.35,1020,97,-21.66,54,0,10000,2.26,2.61,186,0,0,多云,0
南岗,nangang,2026-02-08,19:00,-14.81,1021,79,-17.34,26,0,10000,4.65,11.9,191,0,0,多云,0
松北,songbei,2026-02-08,19:00,-11.88,1021,78,-14.61,19,0,10000,4.26,11.46,193,0,0,晴，少云,0
前进镇,qianjin,2026-02-08,21:00,-20.49,1020,95,-21.02,13,0,10000,2.52,3.45,190,0,0,晴，少云,0
共合镇,gonghe,2026-02-08,21:00,-21.35,1020,97,-21.66,11,0,10000,2.32,2.79,188,0,0,晴，少云,0
永和镇,yonghe,2026-02-08,21:00,-21.89,1020,97,-22.2,11,0,10000,2.13,2.28,189,0,0,晴，少云,0
联发镇,lianfa,2026-02-08,21:00,-21.11,1020,97,-21.42,10,0,10000,2.21,2.68,192,0,0,晴,0
东风镇,dongfeng,2026-02-08,21:00,-21.61,1020,97,-21.92,15,0,10000,2.24,2.53,188,0,0,晴，少云,0
乐业乡,leye,2026-02-08,21:00,-20.66,1020,95,-21.19,12,0,10000,2.5,3.86,192,0,0,晴，少云,0
福民乡,fumin,2026-02-08,21:00,-19.33,1020,93,-20.09,11,0,10000,2.91,5.5,194,0,0,晴，少云,0
海兴镇,haixing,2026-02-08,21:00,-19.38,1020,93,-20.14,11,0,10000,2.87,5.21,192,0,0,晴，少云,0
向荣镇,xiangrong,2026-02-08,21:00,-21.41,1020,97,-21.72,15,0,10000,2.23,2.22,184,0,0,晴，少云,0
伦河镇,lunhe,2026-02-08,21:00,-20.14,1020,95,-20.67,10,0,10000,2.39,3.12,186,0,0,晴,0
共荣镇,gongrong,2026-02-08,21:00,-19.72,1020,94,-20.36,11,0,10000,2.84,5.84,198,0,0,晴，少云,0
双录乡,shuanglu,2026-02-08,21:00,-23.66,1021,98,-23.86,12,0,10000,1.68,1.41,163,0,0,晴，少云,0
爱民乡,aimin,2026-02-08,21:00,-22.73,1020,98,-22.94,15,0,10000,1.81,1.59,184,0,0,晴，少云,0
百祥镇,baixiang,2026-02-08,21:00,-20.47,1020,96,-20.89,11,0,10000,2.37,3.14,189,0,0,晴，少云,0
东林镇,donglin,2026-02-08,21:00,-22.04,1020,97,-22.35,15,0,10000,2.03,1.88,183,0,0,晴，少云,0
丰山乡,fengshan,2026-02-08,21:00,-19.76,1020,94,-20.4,11,0,10000,2.77,4.74,188,0,0,晴，少云,0
海北镇,haibei,2026-02-08,21:00,-23.39,1020,99,-23.49,15,0,10000,1.68,1.45,174,0,0,晴，少云,0
海伦农场,hlnc,2026-02-08,21:00,-24.56,1021,99,-24.66,21,0,10000,1.98,1.78,142,0,0,晴，少云,0
海伦镇,hailun,2026-02-08,21:00,-21.37,1020,96,-21.79,15,0,10000,2.25,2.41,187,0,0,晴，少云,0
海南乡,hainan,2026-02-08,21:00,-20.45,1020,95,-20.98,11,0,10000,2.63,5.04,194,0,0,晴，少云,0
红光农场,hgnc,2026-02-08,21:00,-23.76,1021,99,-23.86,15,0,10000,1.85,1.7,156,0,0,晴，少云,0
祥富镇,xiangfu,2026-02-08,21:00,-19.7,1020,94,-20.34,11,0,10000,2.72,4.69,193,0,0,晴，少云,0
永富镇,yongfu,2026-02-08,21:00,-19.69,1020,94,-20.33,10,0,10000,2.57,3.64,182,0,0,晴,0
扎音河乡,zhayinhe,2026-02-08,21:00,-23.56,1020,99,-23.66,13,0,10000,1.64,1.36,167,0,0,晴，少云,0
长发镇,changfa,2026-02-08,21:00,-22.03,1020,97,-22.34,15,0,10000,2.0,1.72,181,0,0,晴，少云,0
南岗,nangang,2026-02-08,21:00,-14.78,1021,78,-17.45,4,0,10000,4.88,12.65,194,0,0,晴,0
松北,songbei,2026-02-08,21:00,-12.88,1021,76,-15.87,15,0,10000,4.48,12.15,197,0,0,晴，少云,0
前进镇,qianjin,2026-02-08,21:00,-21.91,1020,96,-22.33,13,0,10000,2.02,2.0,187,0,0,晴，少云,0
共合镇,gonghe,2026-02-08,21:00,-22.3,1020,97,-22.61,11,0,10000,1.91,1.94,191,0,0,晴，少云,0
永和镇,yonghe,2026-02-08,21:00,-22.77,1020,98,-22.98,11,0,10000,1.77,1.83,192,0,0,晴，少云,0
联发镇,lianfa,2026-02-08,21:00,-21.84,1020,97,-22.15,11,0,10000,1.87,1.85,199,0,0,晴，少云,0
东风镇,dongfeng,2026-02-08,21:00,-23.52,1021,98,-23.72,13,0,10000,1.75,1.64,177,0,0,晴，少云,0
乐业乡,leye,2026-02-08,21:00,-22.24,1020,97,-22.55,12,0,10000,1.98,1.98,185,0,0,晴，少云,0
福民乡,fumin,2026-02-08,21:00,-20.3,1020,94,-20.94,11,0,10000,2.45,3.12,194,0,0,晴，少云,0
海兴镇,haixing,2026-02-08,21:00,-20.34,1020,94,-20.98,11,0,10000,2.39,2.88,193,0,0,晴，少云,0
向荣镇,xiangrong,2026-02-08,21:00,-22.87,1020,98,-23.08,15,0,10000,1.76,1.79,181,0,0,晴，少云,0
伦河镇,lunhe,2026-02-08,21:00,-20.89,1020,95,-21.42,11,0,10000,2.06,2.07,191,0,0,晴，少云,0
共荣镇,gongrong,2026-02-08,21:00,-20.88,1020,95,-21.41,9,0,10000,2.32,3.14,194,0,0,晴,0
双录乡,shuanglu,2026-02-08,21:00,-25.0,1021,100,-25.0,14,0,10000,1.41,1.4,145,0,0,晴，少云,0
爱民乡,aimin,2026-02-08,21:00,-23.84,1020,99,-23.94,15,0,10000,1.31,1.47,179,0,0,晴，少云,0
百祥镇,baixiang,2026-02-08,21:00,-21.19,1020,96,-21.61,11,0,10000,2.0,2.01,195,0,0,晴，少云,0
东林镇,donglin,2026-02-08,21:00,-23.77,1021,99,-23.87,15,0,10000,1.63,1.59,174,0,0,晴，少云,0
丰山乡,fengshan,2026-02-08,21:00,-20.56,1020,94,-21.2,11,0,10000,2.36,2.74,191,0,0,晴，少云,0
海北镇,haibei,2026-02-08,21:00,-24.71,1021,100,-24.71,13,0,10000,1.17,1.19,156,0,0,晴，少云,0
海伦农场,hlnc,2026-02-08,21:00,-25.37,1021,100,-25.37,29,0,10000,1.93,1.73,128,0,0,多云,0
海伦镇,hailun,2026-02-08,21:00,-23.05,1020,98,-23.26,16,0,10000,1.8,1.73,180,0,0,晴，少云,0
海南乡,hainan,2026-02-08,21:00,-21.89,1020,96,-22.31,9,0,10000,2.06,2.42,187,0,0,晴,0
红光农场,hgnc,2026-02-08,21:00,-25.09,1021,100,-25.09,20,0,10000,1.74,1.71,139,0,0,晴，少云,0
祥富镇,xiangfu,2026-02-08,21:00,-20.88,1020,95,-21.41,11,0,10000,2.16,2.37,192,0,0,晴，少云,0
永富镇,yongfu,2026-02-08,21:00,-20.49,1020,94,-21.13,11,0,10000,2.28,2.46,184,0,0,晴，少云,0
扎音河乡,zhayinhe,2026-02-08,21:00,-24.9,1021,100,-24.9,12,0,10000,1.25,1.22,148,0,0,晴，少云,0
长发镇,changfa,2026-02-08,21:00,-23.61,1021,98,-23.81,14,0,10000,1.55,1.57,173,0,0,晴，少云,0
南岗,nangang,2026-02-08,21:00,-14.94,1021,80,-17.34,22,0,10000,4.95,12.26,191,0,0,晴，少云,0
松北,songbei,2026-02-08,21:00,-12.88,1021,78,-15.59,29,0,10000,4.56,11.86,195,0,0,多云,0
前进镇,qianjin,2026-02-08,22:00,-23.24,1020,98,-23.44,13,0,10000,1.61,1.41,187,0,0,晴，少云,0
共合镇,gonghe,2026-02-08,22:00,-23.45,1020,98,-23.65,12,0,10000,1.43,1.3,195,0,0,晴，少云,0
永和镇,yonghe,2026-02-08,22:00,-23.69,1020,98,-23.89,12,0,10000,1.24,1.19,198,0,0,晴，少云,0
联发镇,lianfa,2026-02-08,22:00,-22.93,1020,97,-23.24,12,0,10000,1.39,1.46,205,0,0,晴，少云,0
东风镇,dongfeng,2026-02-08,22:00,-24.77,1021,99,-24.87,12,0,10000,1.36,1.36,163,0,0,晴，少云,0
乐业乡,leye,2026-02-08,22:00,-23.58,1021,98,-23.78,11,0,10000,1.59,1.56,180,0,0,晴，少云,0
福民乡,fumin,2026-02-08,22:00,-21.77,1020,95,-22.3,12,0,10000,2.0,2.22,194,0,0,晴，少云,0
海兴镇,haixing,2026-02-08,22:00,-21.85,1020,95,-22.38,12,0,10000,1.94,2.04,193,0,0,晴，少云,0
向荣镇,xiangrong,2026-02-08,22:00,-23.94,1021,99,-24.04,14,0,10000,1.32,1.32,176,0,0,晴，少云,0
伦河镇,lunhe,2026-02-08,22:00,-21.96,1020,95,-22.48,12,0,10000,1.68,1.67,194,0,0,晴，少云,0
共荣镇,gongrong,2026-02-08,22:00,-22.38,1020,95,-22.9,10,0,10000,1.86,1.98,192,0,0,晴,0
双录乡,shuanglu,2026-02-08,22:00,-25.83,1021,100,-25.83,17,0,10000,1.48,1.39,128,0,0,晴，少云,0
爱民乡,aimin,2026-02-08,22:00,-24.68,1021,99,-24.78,15,0,10000,0.82,1.06,158,0,0,晴，少云,0
百祥镇,baixiang,2026-02-08,22:00,-22.37,1020,96,-22.79,12,0,10000,1.59,1.63,199,0,0,晴，少云,0
东林镇,donglin,2026-02-08,22:00,-24.8,1021,99,-24.9,15,0,10000,1.27,1.21,158,0,0,晴，少云,0
丰山乡,fengshan,2026-02-08,22:00,-22.0,1020,95,-22.52,12,0,10000,1.91,1.94,192,0,0,晴，少云,0
海北镇,haibei,2026-02-08,22:00,-25.56,1021,100,-25.56,14,0,10000,1.13,1.17,125,0,0,晴，少云,0
海伦农场,hlnc,2026-02-08,22:00,-26.02,1021,100,-26.02,35,0,10000,2.05,1.9,123,0,0,多云,0
海伦镇,hailun,2026-02-08,22:00,-24.15,1021,99,-24.25,15,0,10000,1.38,1.28,173,0,0,晴，少云,0
海南乡,hainan,2026-02-08,22:00,-23.38,1021,97,-23.69,9,0,10000,1.68,1.7,181,0,0,晴,0
红光农场,hgnc,2026-02-08,22:00,-26.05,1021,100,-26.05,23,0,10000,1.76,1.66,126,0,0,晴，少云,0
祥富镇,xiangfu,2026-02-08,22:00,-22.42,1020,96,-22.84,11,0,10000,1.76,1.61,192,0,0,晴，少云,0
永富镇,yongfu,2026-02-08,22:00,-21.55,1020,94,-22.18,11,0,10000,1.88,1.72,186,0,0,晴，少云,0
扎音河乡,zhayinhe,2026-02-08,22:00,-25.72,1021,100,-25.72,15,0,10000,1.32,1.25,125,0,0,晴，少云,0
长发镇,changfa,2026-02-08,22:00,-24.55,1021,99,-24.65,14,0,10000,1.21,1.22,158,0,0,晴，少云,0
南岗,nangang,2026-02-08,22:00,-15.19,1021,82,-17.32,17,0,10000,4.84,11.9,191,0,0,晴，少云,0
松北,songbei,2026-02-08,22:00,-12.88,1020,81,-15.18,21,0,10000,4.38,11.27,194,0,0,晴，少云,0
前进镇,qianjin,2026-02-08,23:00,-24.09,1021,98,-24.29,11,0,10000,1.37,1.29,166,0,0,晴，少云,0
共合镇,gonghe,2026-02-08,23:00,-24.16,1020,98,-24.36,12,0,10000,0.82,0.86,174,0,0,晴，少云,0
永和镇,yonghe,2026-02-08,23:00,-24.32,1021,98,-24.52,12,0,10000,0.53,0.66,163,0,0,晴，少云,0
联发镇,lianfa,2026-02-08,23:00,-23.72,1020,97,-24.03,12,0,10000,0.75,0.94,199,0,0,晴，少云,0
东风镇,dongfeng,2026-02-08,23:00,-25.74,1021,100,-25.74,16,0,10000,1.54,1.47,138,0,0,晴，少云,0
乐业乡,leye,2026-02-08,23:00,-24.59,1021,98,-24.79,11,0,10000,1.4,1.36,156,0,0,晴，少云,0
福民乡,fumin,2026-02-08,23:00,-23.18,1020,95,-23.7,12,0,10000,1.55,1.54,189,0,0,晴，少云,0
海兴镇,haixing,2026-02-08,23:00,-23.17,1020,96,-23.58,13,0,10000,1.53,1.5,188,0,0,晴，少云,0
向荣镇,xiangrong,2026-02-08,23:00,-24.62,1021,99,-24.72,14,0,10000,1.38,1.29,150,0,0,晴，少云,0
伦河镇,lunhe,2026-02-08,23:00,-22.86,1020,96,-23.27,12,0,10000,1.37,1.37,195,0,0,晴，少云,0
共荣镇,gongrong,2026-02-08,23:00,-23.78,1021,96,-24.19,11,0,10000,1.4,1.38,183,0,0,晴，少云,0
双录乡,shuanglu,2026-02-08,23:00,-26.45,1021,100,-26.45,20,0,10000,1.93,1.79,124,0,0,晴，少云,0
爱民乡,aimin,2026-02-08,23:00,-25.28,1021,100,-25.28,18,0,10000,0.98,0.92,126,0,0,晴，少云,0
百祥镇,baixiang,2026-02-08,23:00,-23.29,1020,97,-23.6,12,0,10000,1.23,1.26,198,0,0,晴，少云,0
东林镇,donglin,2026-02-08,23:00,-25.6,1021,100,-25.6,16,0,10000,1.61,1.52,136,0,0,晴，少云,0
丰山乡,fengshan,2026-02-08,23:00,-23.18,1020,96,-23.59,12,0,10000,1.55,1.5,190,0,0,晴，少云,0
海北镇,haibei,2026-02-08,23:00,-26.23,1021,100,-26.23,19,0,10000,1.53,1.47,121,0,0,晴，少云,0
海伦农场,hlnc,2026-02-08,23:00,-26.3,1021,100,-26.3,38,0,10000,2.29,2.13,124,0,0,多云,0
海伦镇,hailun,2026-02-08,23:00,-24.97,1021,99,-25.07,14,0,10000,1.51,1.41,146,0,0,晴，少云,0
海南乡,hainan,2026-02-08,23:00,-24.58,1021,98,-24.78,10,0,10000,1.35,1.28,162,0,0,晴,0
红光农场,hgnc,2026-02-08,23:00,-26.53,1021,100,-26.53,32,0,10000,2.09,1.98,127,0,0,多云,0
祥富镇,xiangfu,2026-02-08,23:00,-23.51,1021,96,-23.92,11,0,10000,1.35,1.37,182,0,0,晴，少云,0
永富镇,yongfu,2026-02-08,23:00,-22.48,1020,95,-23.0,11,0,10000,1.54,1.51,187,0,0,晴，少云,0
扎音河乡,zhayinhe,2026-02-08,23:00,-26.41,1021,100,-26.41,17,0,10000,1.77,1.63,122,0,0,晴，少云,0
长发镇,changfa,2026-02-08,23:00,-25.26,1021,100,-25.26,14,0,10000,1.57,1.48,137,0,0,晴，少云,0
南岗,nangang,2026-02-08,23:00,-15.28,1021,83,-17.28,13,0,10000,4.4,10.56,190,0,0,晴，少云,0
松北,songbei,2026-02-08,23:00,-12.88,1020,83,-14.92,17,0,10000,3.81,9.59,193,0,0,晴，少云,0
